MarketingID,Equipo_Favorito,Compra_Diseno_Seleccion,Seleccion_Influye_Compra,Tipo_Publicidad,Tipo_Promocion,Sigue_Mundial_2026,Compraria_Tarjetas_Coleccionables
1,Portugal,Probablemente sí,Portugal,Una selección nacional,Sorteo de viajes,Sí,Sí
2,Portugal,Probablemente no,Suecia,Una selección nacional,Producto gratis,Sí,Sí
3,España,Probablemente sí,Portugal,Un jugador famoso,Descuento directo,Sí,No
4,Inglaterra,Probablemente no,España,Premios y sorteos,2x1,No,Sí
5,España,Tal vez,Qatar,Un jugador famoso,Tarjetas coleccionables,No,No
6,Estados Unidos,Probablemente sí,Estados Unidos,Una selección nacional,Tarjetas coleccionables,Sí,Sí
7,Francia,Tal vez,Francia,Premios y sorteos,2x1,Sí,Sí
8,Nueva Zelanda,Tal vez,Portugal,Una selección nacional,Tarjetas coleccionables,Sí,No
9,Brasil,Tal vez,Brasil,Un jugador famoso,Sorteo de balones,Sí,No
10,Portugal,Tal vez,Colombia,Un jugador famoso,Tarjetas coleccionables,Sí,No
11,Estados Unidos,Probablemente sí,Czechia,Una selección nacional,2x1,No,Sí
12,Argentina,Probablemente sí,Argentina,Un jugador famoso,Descuento directo,Sí,Sí
13,Argentina,Tal vez,Argentina,Historias de aficionados,2x1,Sí,No
14,Argentina,Tal vez,Brasil,Un jugador famoso,2x1,Sí,No
15,Inglaterra,Probablemente sí,Portugal,Un jugador famoso,Producto gratis,Sí,Sí
16,Brasil,Probablemente sí,Portugal,Premios y sorteos,Tarjetas coleccionables,Sí,Sí
17,México,Tal vez,España,Historias de aficionados,2x1,Sí,Sí
18,Brasil,Probablemente sí,Brasil,Humor,Sorteo de viajes,Sí,Sí
19,Australia,Probablemente sí,España,Un jugador famoso,Producto gratis,Sí,Sí
20,Estados Unidos,Definitivamente sí,Inglaterra,Premios y sorteos,Sorteo de viajes,Sí,Sí
21,Brasil,Probablemente sí,Inglaterra,Historias de aficionados,Sorteo de camisetas,Sí,No
22,Irán,Probablemente no,Brasil,Historias de aficionados,Tarjetas coleccionables,Sí,No
23,Estados Unidos,Tal vez,Inglaterra,Humor,Descuento directo,Sí,Sí
24,Brasil,Tal vez,Francia,Historias de aficionados,Sorteo de viajes,Sí,No
25,Portugal,Definitivamente sí,México,Premios y sorteos,Descuento directo,Sí,Sí
26,España,Definitivamente sí,Inglaterra,Humor,2x1,Sí,No
27,Brasil,Definitivamente sí,Argentina,Premios y sorteos,Descuento directo,No,Sí
28,México,Tal vez,México,Historias de aficionados,Producto gratis,Sí,Sí
29,España,Definitivamente sí,México,Historias de aficionados,Producto gratis,Sí,Sí
30,Brasil,Probablemente sí,Argentina,Un jugador famoso,Descuento directo,Sí,No
31,Corea del Sur,Definitivamente sí,Estados Unidos,Premios y sorteos,Producto gratis,Sí,Sí
32, ESTADOS UNIDOS ,Probablemente sí,Brasil,Humor,2x1,Sí,No
33, FRANCIA ,Tal vez,Inglaterra,Historias de aficionados,2x1,Sí,No
34,Noruega,Probablemente sí,Francia,Una selección nacional,Producto gratis,Sí,Sí
35,Brasil,Probablemente sí, PORTUGAL ,Historias de aficionados,Sorteo de viajes,Sí,No
36,Argentina,Definitivamente sí,Jordania,Una selección nacional,Sorteo de camisetas,Sí,Sí
37,Portugal,Probablemente sí,Brasil,Un jugador famoso,Sorteo de viajes,Sí,Sí
38,España,Probablemente sí,España,Historias de aficionados,Descuento directo,Sí,No
39,Argentina,Definitivamente sí,México,Premios y sorteos,Sorteo de camisetas,Sí,Sí
40,Argentina,Definitivamente sí,México,Una selección nacional,2x1,Sí,No
41,Francia,Definitivamente sí,Francia,Premios y sorteos,Descuento directo,Sí,Sí
42,Argentina,Definitivamente sí,Estados Unidos,Premios y sorteos,Tarjetas coleccionables,Sí,Sí
43,Estados Unidos,Definitivamente sí,Inglaterra,Historias de aficionados,Descuento directo,Sí,No
44,Francia,Probablemente sí, PORTUGAL ,Historias de aficionados,2x1,Sí,Sí
45,Brasil,Probablemente sí,Portugal,Humor,Tarjetas coleccionables,Sí,No
46,Portugal,Tal vez,Argentina,Una selección nacional,Sorteo de camisetas,Sí,No
47,Argentina,Definitivamente sí,Inglaterra,Un jugador famoso,2x1,No,Sí
48, ARGENTINA ,Tal vez,España,Una selección nacional,Descuento directo,Sí,Sí
49,Argentina,Definitivamente sí,México,Humor,Sorteo de viajes,Sí,No
50,Francia,Probablemente sí,Argentina,Un jugador famoso,Descuento directo,Sí,Sí
51,Estados Unidos,Probablemente sí,Uruguay,Una selección nacional,2x1,Sí,No
52,Portugal,Probablemente no,Argentina,Humor,Descuento directo,Sí,Sí
53,Argentina,Probablemente sí,Brasil,Un jugador famoso,Tarjetas coleccionables,Sí,Sí
54,Francia,Probablemente sí,Brasil,Humor,Sorteo de balones,Sí,No
55,México,Probablemente sí,Alemania,Un jugador famoso,Descuento directo,Sí,Sí
56,Brasil,Definitivamente sí,México,Humor,Descuento directo,Sí,Sí
57,Estados Unidos,Tal vez,Brasil,Un jugador famoso,Tarjetas coleccionables,Sí,Sí
58,Uruguay,Tal vez,Brasil,Un jugador famoso,Producto gratis,Sí,Sí
59,Inglaterra,Probablemente sí,Nueva Zelanda,Una selección nacional,Descuento directo,Sí,No
60,Argentina,Tal vez,Brasil,Un jugador famoso,Descuento directo,Sí,No
61,Brasil,Definitivamente sí,Uruguay,Un jugador famoso,2x1,Sí,No
62,Inglaterra,Definitivamente sí,Portugal,Un jugador famoso,Sorteo de camisetas,Sí,Sí
63,Brasil,Probablemente no,México,Un jugador famoso,Sorteo de balones,Sí,Sí
64,Austria,Probablemente sí,México,Una selección nacional,Sorteo de camisetas,Sí,Sí
65,Argentina,Tal vez,México,Historias de aficionados,Sorteo de camisetas,Sí,No
66,Estados Unidos,Definitivamente no,Uruguay,Un jugador famoso,2x1,Sí,No
67,Türkiye,Definitivamente sí,Alemania,Un jugador famoso,2x1,Sí,Sí
68,México,Tal vez,Portugal,Un jugador famoso,Sorteo de camisetas,Sí,No
69,España,Definitivamente no,Brasil,Premios y sorteos,Sorteo de viajes,Sí,No
70,Japón,Tal vez,España,Una selección nacional,Producto gratis,Sí,Sí
71,Argentina,Probablemente no,España,Premios y sorteos,2x1,Sí,Sí
72,Inglaterra,Probablemente no,Francia,Premios y sorteos,Descuento directo,Sí,Sí
73,Brasil,Definitivamente sí,Argentina,Humor,Tarjetas coleccionables,Sí,No
74,Noruega,Tal vez,Colombia,Humor,Sorteo de viajes,No,No
75, BRASIL ,Probablemente no,Argentina,Premios y sorteos,Tarjetas coleccionables,Sí,Sí
76,Alemania,Probablemente sí,Argentina,Una selección nacional,2x1,Sí,No
77,Estados Unidos,Probablemente sí,Brasil,Historias de aficionados,Descuento directo,Sí,No
78,Colombia,Probablemente sí, ESTADOS UNIDOS ,Un jugador famoso,Tarjetas coleccionables,Sí,No
79,Brasil,Probablemente sí,Bosnia y Herzegovina,Una selección nacional,Sorteo de viajes,Sí,Sí
80,Inglaterra,Definitivamente sí,Irán,Un jugador famoso,Sorteo de viajes,Sí,No
81,Alemania,Probablemente no,Colombia,Una selección nacional,Tarjetas coleccionables,Sí,No
82,España,Tal vez,Brasil,Humor,Sorteo de camisetas,No,Sí
83,México,Tal vez, ESPAÑA ,Un jugador famoso,Sorteo de viajes,Sí,Sí
84,México,Definitivamente sí,Portugal,Historias de aficionados,2x1,Sí,Sí
85,Colombia,Probablemente sí,Argentina,Una selección nacional,Tarjetas coleccionables,Sí,Sí
86,Brasil,Probablemente sí,México,Una selección nacional,2x1,Sí,Sí
87,Brasil,Tal vez,Argentina,Premios y sorteos,Sorteo de camisetas,Sí,Sí
88,Portugal,Definitivamente sí,México,Una selección nacional,Sorteo de balones,Sí,No
89,Alemania,Probablemente sí,No especificado,Un jugador famoso,Descuento directo,No,Sí
90,Colombia,Probablemente sí,Francia,Humor,Sorteo de balones,Sí,Sí
91,Portugal,Probablemente sí,Argentina,Una selección nacional,Producto gratis,Sí,Sí
92,Brasil,Definitivamente sí,México,Historias de aficionados,Descuento directo,Sí,No
93,Suecia,Definitivamente no,Portugal,Una selección nacional,Descuento directo,No,Sí
94,Argentina,Probablemente no,Portugal,Premios y sorteos,Sorteo de balones,No,Sí
95,España,Definitivamente sí,Austria,Un jugador famoso,Sorteo de viajes,Sí,No
96,España,Probablemente sí,Alemania,Un jugador famoso,2x1,Sí,Sí
97,Portugal,Definitivamente sí,España,Una selección nacional,Tarjetas coleccionables,Sí,Sí
98,México,Probablemente sí,Curaçao,Premios y sorteos,Tarjetas coleccionables,Sí,No
99,Argentina,Definitivamente no,México,Humor,2x1,Sí,No
100,México,Definitivamente sí,Brasil,Premios y sorteos,Tarjetas coleccionables,Sí,Sí
101,Colombia,Tal vez,Irán,Humor,2x1,Sí,No
102,Portugal,Probablemente sí,Argentina,Un jugador famoso,2x1,Sí,No
103,Francia,Probablemente sí,Brasil,Premios y sorteos,Tarjetas coleccionables,Sí,Sí
104,Panamá,Definitivamente sí,Portugal,Un jugador famoso,Sorteo de camisetas,No,No
105,Francia,Probablemente sí,Alemania,Humor,Sorteo de viajes,Sí,No
106,Noruega,Definitivamente sí,Portugal,Un jugador famoso,Sorteo de viajes,Sí,No
107,Estados Unidos,Probablemente sí,Argentina,Historias de aficionados,Descuento directo,Sí,No
108,Argentina,Definitivamente sí,Estados Unidos,Un jugador famoso,Descuento directo,Sí,Sí
109,Inglaterra,Definitivamente sí,México,Una selección nacional,Producto gratis,No,No
110,Argentina,Probablemente sí,Brasil,Historias de aficionados,Sorteo de camisetas,Sí,Sí
111,Brasil,Probablemente sí,Inglaterra,Una selección nacional,2x1,Sí,Sí
112,Argentina,Probablemente sí,México,Un jugador famoso,Producto gratis,No,Sí
113, ALEMANIA ,Probablemente no,Brasil,Una selección nacional,Descuento directo,Sí,Sí
114,España,Tal vez,Francia,Un jugador famoso,Producto gratis,Sí,No
115,Estados Unidos,Probablemente sí,Argentina,Un jugador famoso,Sorteo de viajes,Sí,No
116,Inglaterra,Definitivamente sí,Brasil,Humor,2x1,Sí,No
117,España,Tal vez,México,Un jugador famoso,Descuento directo,Sí,Sí
118,México,Definitivamente sí,Brasil,Una selección nacional,2x1,No,Sí
119,México,Probablemente sí,Estados Unidos,Humor,2x1,Sí,No
120,Brasil,Definitivamente sí,Argentina,Historias de aficionados,2x1,Sí,Sí
121,Inglaterra,Tal vez, BRASIL ,Premios y sorteos,Sorteo de camisetas,Sí,Sí
122,España,Definitivamente no,España,Un jugador famoso,Sorteo de viajes,Sí,Sí
123,Argentina,Definitivamente sí,Brasil,Una selección nacional,Sorteo de viajes,Sí,Sí
124,México,Probablemente sí,Portugal,Humor,Sorteo de camisetas,Sí,No
125,Brasil,Definitivamente sí,Brasil,Humor,Sorteo de balones,Sí,No
126,Alemania,Probablemente sí,España,Un jugador famoso,Producto gratis,Sí,Sí
127,México,Definitivamente sí,Argentina,Un jugador famoso,Tarjetas coleccionables,Sí,Sí
128,Estados Unidos,Probablemente no,Estados Unidos,Una selección nacional,2x1,Sí,Sí
129,España,Probablemente no,Estados Unidos,Una selección nacional,Descuento directo,Sí,Sí
130,Portugal,Probablemente sí,Argentina,Una selección nacional,Tarjetas coleccionables,Sí,Sí
131,México,Probablemente sí,Argentina,Un jugador famoso,Tarjetas coleccionables,Sí,No
132,Portugal,Probablemente sí,México,Premios y sorteos,Descuento directo,Sí,Sí
133,Inglaterra,Probablemente sí,México,Premios y sorteos,Descuento directo,Sí,No
134,Brasil,Probablemente sí,Inglaterra,Historias de aficionados,Sorteo de viajes,Sí,Sí
135,Argentina,Probablemente sí,España,Historias de aficionados,2x1,Sí,No
136,México,Tal vez,Argentina,Humor,Descuento directo,No,Sí
137,España,Probablemente sí,Portugal,Humor,Descuento directo,Sí,No
138,España,Probablemente sí, PORTUGAL ,Un jugador famoso,Producto gratis,Sí,Sí
139,Argentina,Definitivamente sí,México,Un jugador famoso,Sorteo de camisetas,Sí,Sí
140,Portugal,Probablemente no,Brasil,Historias de aficionados,Sorteo de viajes,Sí,Sí
141, ESPAÑA ,Probablemente sí,Argentina,Premios y sorteos,Descuento directo,Sí,No
142,México,Probablemente sí,Argentina,Una selección nacional,Producto gratis,Sí,Sí
143,Alemania,Probablemente sí,Senegal,Un jugador famoso,Tarjetas coleccionables,Sí,Sí
144,Inglaterra,Tal vez,Argentina,Historias de aficionados,2x1,Sí,No
145,España,Probablemente sí,Brasil,Historias de aficionados,Descuento directo,Sí,No
146,Estados Unidos,Definitivamente sí,Portugal,Historias de aficionados,Descuento directo,Sí,No
147,Brasil,Probablemente no,Argentina,Historias de aficionados,2x1,Sí,Sí
148,Brasil,Probablemente no,Argentina,Un jugador famoso,Tarjetas coleccionables,Sí,No
149,Brasil,Tal vez,Brasil,Un jugador famoso,Descuento directo,No,No
150,Portugal,Tal vez,México,Un jugador famoso,Sorteo de balones,Sí,No
151,Argentina,Probablemente sí,Colombia,Humor,Descuento directo,Sí,Sí
152,Inglaterra,Definitivamente sí,Francia,Un jugador famoso,Sorteo de camisetas,Sí,Sí
153,Uruguay,Definitivamente no,Argentina,Un jugador famoso,2x1,No,Sí
154,Portugal,Definitivamente sí,Argentina,Premios y sorteos,2x1,Sí,No
155,Francia,Probablemente sí,México,Premios y sorteos,Descuento directo,Sí,Sí
156,México,Definitivamente no,Estados Unidos,Una selección nacional,Descuento directo,Sí,No
157,Argentina,Tal vez,Estados Unidos,Premios y sorteos,2x1,Sí,Sí
158,Francia,Probablemente sí,México,Un jugador famoso,Tarjetas coleccionables,Sí,No
159, MÉXICO ,Definitivamente no,Uruguay,Una selección nacional,Descuento directo,Sí,Sí
160,Estados Unidos,Definitivamente sí,Portugal,Un jugador famoso,Sorteo de camisetas,Sí,Sí
161,Inglaterra,Probablemente no,México,Un jugador famoso,Descuento directo,Sí,Sí
162, PORTUGAL ,Probablemente no,Brasil,Premios y sorteos,Descuento directo,Sí,No
163,Argentina,Tal vez,Argentina,Una selección nacional,Descuento directo,Sí,No
164, MÉXICO ,Probablemente no,Cabo Verde,Una selección nacional,Sorteo de viajes,Sí,Sí
165,Uruguay,Probablemente sí,Argentina,Historias de aficionados,Tarjetas coleccionables,Sí,Sí
166,Argentina,Tal vez,Francia,Un jugador famoso,Producto gratis,Sí,No
167,Estados Unidos,Probablemente no,Inglaterra,Un jugador famoso,Tarjetas coleccionables,Sí,No
168,Argentina,Tal vez,No especificado,Humor,Sorteo de balones,Sí,No
169,Brasil,Definitivamente sí,Alemania,Una selección nacional,Producto gratis,Sí,No
170,Brasil,Definitivamente no,Brasil,Un jugador famoso,2x1,Sí,No
171,Paraguay,Probablemente no,México,Un jugador famoso,Tarjetas coleccionables,Sí,Sí
172,Brasil,Probablemente no,Alemania,Premios y sorteos,Producto gratis,Sí,No
173,Alemania,Probablemente sí,South Africa,Premios y sorteos,Tarjetas coleccionables,Sí,Sí
174,Francia,Definitivamente sí,Argentina,Premios y sorteos,Descuento directo,Sí,Sí
175,España,Definitivamente sí,España,Premios y sorteos,Sorteo de camisetas,Sí,Sí
176,Argentina,Probablemente sí,México,Un jugador famoso,Sorteo de camisetas,Sí,Sí
177,Egipto,Tal vez,Argentina,Humor,Producto gratis,No,Sí
178,España,Probablemente sí, MÉXICO ,Un jugador famoso,Descuento directo,Sí,Sí
179,Alemania,Probablemente sí,Ghana,Un jugador famoso,2x1,Sí,Sí
180,Alemania,Tal vez,Estados Unidos,Premios y sorteos,Descuento directo,No,Sí
181,Brasil,Definitivamente sí,México,Historias de aficionados,Sorteo de camisetas,Sí,Sí
182,Brasil,Probablemente sí,Paraguay,Una selección nacional,Sorteo de balones,Sí,Sí
183,Francia,Definitivamente sí,Brasil,Una selección nacional,Descuento directo,Sí,Sí
184,Argentina,Probablemente no,Argentina,Un jugador famoso,Tarjetas coleccionables,Sí,Sí
185,Brasil,Definitivamente no,Inglaterra,Premios y sorteos,Sorteo de camisetas,Sí,Sí
186,Argentina,Probablemente no,México,Un jugador famoso,2x1,Sí,No
187,Uruguay,Probablemente no,Brasil,Humor,Descuento directo,Sí,Sí
188,Corea del Sur,Tal vez,Estados Unidos,Humor,2x1,No,Sí
189,México,Probablemente sí,México,Una selección nacional,Sorteo de camisetas,Sí,No
190,Túnez,Probablemente no,Brasil,Premios y sorteos,Descuento directo,Sí,No
191,Argentina,Definitivamente sí,Uzbekistán,Un jugador famoso,2x1,Sí,Sí
192,Argentina,Probablemente sí,Haití,Historias de aficionados,Sorteo de camisetas,Sí,No
193,Argentina,Probablemente sí,Brasil,Premios y sorteos,2x1,No,Sí
194,Argentina,Definitivamente no,Argentina,Una selección nacional,Producto gratis,Sí,No
195,Francia,Definitivamente sí,Argentina,Humor,Producto gratis,Sí,Sí
196,Inglaterra,Probablemente sí,Francia,Un jugador famoso,2x1,Sí,Sí
197,Cabo Verde,Probablemente no,Francia,Humor,2x1,Sí,Sí
198,Argentina,Probablemente sí,Brasil,Un jugador famoso,2x1,Sí,No
199,Brasil,Tal vez,Brasil,Una selección nacional,Descuento directo,No,Sí
200,Uruguay,Definitivamente sí,México,Historias de aficionados,2x1,Sí,Sí
201,Brasil,Probablemente sí,México,Premios y sorteos,Descuento directo,Sí,Sí
202,Francia,Tal vez,Portugal,Una selección nacional,Descuento directo,No,No
203,Inglaterra,Tal vez,México,Humor,2x1,Sí,No
204,España,Definitivamente sí,México,Un jugador famoso,Sorteo de balones,Sí,Sí
205,Inglaterra,Probablemente sí,Portugal,Un jugador famoso,Descuento directo,Sí,No
206,Alemania,Tal vez,España,Un jugador famoso,2x1,Sí,No
207,México,Probablemente sí,Estados Unidos,Premios y sorteos,Tarjetas coleccionables,Sí,Sí
208,Inglaterra,Definitivamente sí,Inglaterra,Premios y sorteos,2x1,Sí,Sí
209,Colombia,Probablemente sí,Francia,Premios y sorteos,Descuento directo,Sí,No
210, FRANCIA ,Probablemente no,Colombia,Premios y sorteos,Producto gratis,Sí,No
211,España,Definitivamente sí,Francia,Humor,Tarjetas coleccionables,Sí,Sí
212,Bosnia y Herzegovina,Tal vez,Francia,Premios y sorteos,2x1,No,Sí
213,Alemania,Definitivamente sí,Francia,Una selección nacional,2x1,Sí,No
214,España,Tal vez, BRASIL ,Humor,Sorteo de camisetas,Sí,No
215,México,Definitivamente sí,Croacia,Un jugador famoso,Descuento directo,Sí,No
216,Estados Unidos,Probablemente sí,Francia,Premios y sorteos,Descuento directo,Sí,Sí
217,Brasil,Probablemente sí,Argentina,Premios y sorteos,Tarjetas coleccionables,No,No
218,México,Probablemente sí,Argentina,Una selección nacional,Descuento directo,Sí,No
219,Francia,Definitivamente sí,Brasil,Una selección nacional,Tarjetas coleccionables,Sí,Sí
220,Argentina,Definitivamente sí,México,Un jugador famoso,Tarjetas coleccionables,Sí,No
221,Argentina,Probablemente no,Alemania,Una selección nacional,Tarjetas coleccionables,Sí,No
222,Argentina,Definitivamente sí,Uruguay,Una selección nacional,Sorteo de viajes,Sí,No
223,España,Probablemente sí,México,Premios y sorteos,Tarjetas coleccionables,No,Sí
224,Argentina,Probablemente no,Brasil,Un jugador famoso,Descuento directo,Sí,Sí
225,Francia,Definitivamente sí,Argentina,Premios y sorteos,2x1,Sí,No
226, BRASIL ,Definitivamente sí,Argentina,Historias de aficionados,Producto gratis,Sí,Sí
227,Inglaterra,Definitivamente sí,Brasil,Una selección nacional,Descuento directo,Sí,Sí
228,Brasil,Probablemente sí,Argentina,Un jugador famoso,Sorteo de viajes,Sí,Sí
229,Argentina,Probablemente sí,Portugal,Humor,2x1,Sí,No
230,Argentina,Probablemente sí,Francia,Una selección nacional,Descuento directo,Sí,No
231,Portugal,Definitivamente sí,Argentina,Una selección nacional,2x1,Sí,Sí
232,México,Tal vez,Inglaterra,Una selección nacional,Descuento directo,Sí,Sí
233,Alemania,Tal vez,Czechia,Humor,2x1,Sí,No
234,Portugal,Tal vez,México,Humor,2x1,Sí,Sí
235,México,Tal vez,Alemania,Premios y sorteos,Tarjetas coleccionables,Sí,No
236,Francia,Tal vez,España,Premios y sorteos,Sorteo de camisetas,Sí,Sí
237, FRANCIA ,Tal vez,Portugal,Un jugador famoso,Producto gratis,Sí,Sí
238,México,Definitivamente sí,No especificado,Una selección nacional,2x1,Sí,No
239,Argentina,Tal vez,Inglaterra,Premios y sorteos,Producto gratis,Sí,Sí
240,Portugal,Definitivamente sí,España,Humor,2x1,Sí,Sí
241,Haití,Probablemente sí,Portugal,Premios y sorteos,Tarjetas coleccionables,Sí,No
242,España,Definitivamente sí,Francia,Un jugador famoso,Producto gratis,Sí,No
243, MÉXICO ,Probablemente no,Argentina,Una selección nacional,Sorteo de viajes,Sí,Sí
244,Francia,Definitivamente sí,Inglaterra,Un jugador famoso,Descuento directo,Sí,No
245,Alemania,Definitivamente sí,Argentina,Premios y sorteos,Descuento directo,Sí,Sí
246,Portugal,Definitivamente sí,Argentina,Un jugador famoso,Producto gratis,Sí,No
247,Argentina,Definitivamente sí,España,Una selección nacional,Sorteo de balones,Sí,No
248,Inglaterra,Definitivamente sí,Ecuador,Un jugador famoso,Tarjetas coleccionables,Sí,No
249,Inglaterra,Tal vez,Alemania,Un jugador famoso,Descuento directo,Sí,No
250,Uruguay,Tal vez,Argentina,Humor,2x1,Sí,No
251,España,Definitivamente no,Noruega,Un jugador famoso,Tarjetas coleccionables,Sí,Sí
252,Estados Unidos,Tal vez,México,Premios y sorteos,Descuento directo,Sí,No
253,Brasil,Tal vez,Argentina,Premios y sorteos,2x1,Sí,No
254,Brasil,Probablemente sí,México,Historias de aficionados,Descuento directo,Sí,No
255,Argentina,Tal vez,Brasil,Premios y sorteos,Producto gratis,Sí,Sí
256,Argentina,Tal vez,Portugal,Un jugador famoso,Sorteo de camisetas,Sí,Sí
257,Irak,Tal vez,Argentina,Historias de aficionados,Tarjetas coleccionables,No,Sí
258,Francia,Probablemente no,México,Una selección nacional,Sorteo de viajes,Sí,No
259,Alemania,Tal vez,Argentina,Un jugador famoso,Tarjetas coleccionables,No,Sí
260,Portugal,Tal vez,Francia,Un jugador famoso,Descuento directo,Sí,No
261,Argentina,Definitivamente sí,México,Un jugador famoso,Producto gratis,Sí,Sí
262,Argentina,Tal vez,Francia,Premios y sorteos,Tarjetas coleccionables,No,Sí
263,Argentina,Definitivamente sí,Estados Unidos,Premios y sorteos,Descuento directo,No,Sí
264,Egipto,Tal vez,Países Bajos,Un jugador famoso,Sorteo de viajes,Sí,No
265,Brasil,Probablemente sí,México,Premios y sorteos,Sorteo de camisetas,Sí,Sí
266, FRANCIA ,Tal vez,México,Una selección nacional,Sorteo de viajes,Sí,Sí
267,México,Definitivamente sí,Inglaterra,Premios y sorteos,Descuento directo,Sí,No
268,Panamá,Tal vez,Argentina,Un jugador famoso,Sorteo de viajes,Sí,Sí
269,Argentina,Probablemente sí,México,Un jugador famoso,Descuento directo,No,No
270,Uruguay,Probablemente sí,Argentina,Un jugador famoso,Producto gratis,Sí,Sí
271,Brasil,Probablemente sí,Inglaterra,Humor,Descuento directo,Sí,Sí
272,Inglaterra,Definitivamente sí,España,Un jugador famoso,Descuento directo,Sí,No
273,España,Definitivamente sí,Túnez,Un jugador famoso,Sorteo de camisetas,Sí,No
274, BRASIL ,Tal vez,Suecia,Humor,2x1,No,No
275,México,Tal vez,Croacia,Una selección nacional,Descuento directo,Sí,No
276,Estados Unidos,Tal vez,Argentina,Un jugador famoso,Tarjetas coleccionables,Sí,Sí
277,Estados Unidos,Definitivamente no,Argentina,Un jugador famoso,2x1,Sí,Sí
278,Francia,Definitivamente no,Inglaterra,Un jugador famoso,Tarjetas coleccionables,No,Sí
279,Argentina,Probablemente sí,Brasil,Un jugador famoso,Sorteo de camisetas,Sí,Sí
280,México,Definitivamente sí,Alemania,Historias de aficionados,Descuento directo,No,No
281,Argentina,Tal vez,Portugal,Una selección nacional,Tarjetas coleccionables,Sí,Sí
282,Portugal,Probablemente sí,España,Historias de aficionados,Sorteo de balones,Sí,No
283,Francia,Tal vez, INGLATERRA ,Un jugador famoso,Descuento directo,Sí,Sí
284,Argentina,Definitivamente sí,Inglaterra,Una selección nacional,Sorteo de camisetas,Sí,No
285,México,Probablemente sí,Inglaterra,Historias de aficionados,2x1,Sí,Sí
286,Inglaterra,Tal vez,Argelia,Un jugador famoso,Descuento directo,Sí,Sí
287,Argentina,Probablemente sí,Brasil,Una selección nacional,Sorteo de camisetas,Sí,Sí
288,Francia,Tal vez,Brasil,Un jugador famoso,Sorteo de viajes,Sí,No
289,Argentina,Definitivamente sí,Brasil,Historias de aficionados,Sorteo de camisetas,Sí,Sí
290,Estados Unidos,Probablemente sí,México,Una selección nacional,Sorteo de viajes,Sí,Sí
291,Colombia,Probablemente sí,Portugal,Un jugador famoso,Producto gratis,Sí,Sí
292,Czechia,Probablemente sí,Brasil,Humor,Tarjetas coleccionables,Sí,No
293,Brasil,Probablemente no,Brasil,Un jugador famoso,2x1,Sí,Sí
294,Argentina,Definitivamente no,Portugal,Humor,Descuento directo,No,Sí
295,Inglaterra,Probablemente sí,Colombia,Premios y sorteos,Descuento directo,Sí,Sí
296,Alemania,Probablemente sí,Brasil,Un jugador famoso,2x1,Sí,Sí
297,Francia,Tal vez,Francia,Historias de aficionados,Tarjetas coleccionables,Sí,No
298,Argelia,Probablemente no, BRASIL ,Premios y sorteos,Tarjetas coleccionables,Sí,Sí
299,Argelia,Probablemente sí,Alemania,Un jugador famoso,Sorteo de balones,Sí,No
300,Brasil,Definitivamente sí,España,Premios y sorteos,Sorteo de viajes,No,No
301,Francia,Definitivamente sí,México,Un jugador famoso,Tarjetas coleccionables,Sí,Sí
302,Argentina,Tal vez,España,Una selección nacional,2x1,Sí,Sí
303,México,Tal vez,Panamá,Historias de aficionados,Sorteo de viajes,Sí,Sí
304,Argentina,Probablemente sí,Brasil,Historias de aficionados,Tarjetas coleccionables,Sí,No
305,Uruguay,Probablemente no,Francia,Un jugador famoso,2x1,No,Sí
306,Uruguay,Definitivamente sí,México,Humor,Tarjetas coleccionables,Sí,Sí
307, BRASIL ,Tal vez,Portugal,Un jugador famoso,Descuento directo,Sí,Sí
308,Estados Unidos,Probablemente sí,Brasil,Premios y sorteos,Tarjetas coleccionables,Sí,Sí
309,Uruguay,Probablemente sí,Argentina,Una selección nacional,2x1,Sí,Sí
310,México,Tal vez,Portugal,Premios y sorteos,2x1,Sí,Sí
311,Brasil,Probablemente sí,Portugal,Humor,Producto gratis,No,Sí
312,Francia,Probablemente sí,Francia,Un jugador famoso,Tarjetas coleccionables,Sí,Sí
313,Argentina,Probablemente no,Curaçao,Un jugador famoso,Descuento directo,Sí,Sí
314,México,Definitivamente sí,Francia,Premios y sorteos,2x1,Sí,No
315,Croacia,Tal vez,No especificado,Una selección nacional,2x1,No,Sí
316,Alemania,Definitivamente sí,Brasil,Una selección nacional,Descuento directo,No,No
317,México,Probablemente sí,Francia,Historias de aficionados,Sorteo de camisetas,Sí,Sí
318,Argentina,Probablemente no,Brasil,Un jugador famoso,Descuento directo,Sí,No
319,Francia,Probablemente sí,Francia,Historias de aficionados,Tarjetas coleccionables,Sí,No
320,Portugal,Probablemente sí,Argentina,Historias de aficionados,Tarjetas coleccionables,Sí,Sí
321,Argentina,Definitivamente sí,Uzbekistán,Un jugador famoso,Producto gratis,No,No
322,Brasil,Probablemente sí,Argentina,Un jugador famoso,Descuento directo,Sí,Sí
323,Argentina,Definitivamente sí,Uruguay,Premios y sorteos,Tarjetas coleccionables,Sí,Sí
324,Alemania,Probablemente sí,Argentina,Premios y sorteos,Producto gratis,Sí,Sí
325,Francia,Tal vez,Brasil,Un jugador famoso,Sorteo de camisetas,No,Sí
326,Brasil,Tal vez,Corea del Sur,Premios y sorteos,Tarjetas coleccionables,Sí,No
327,Argentina,Definitivamente no,México,Historias de aficionados,Sorteo de balones,Sí,Sí
328,Curaçao,Definitivamente sí,México,Premios y sorteos,Tarjetas coleccionables,No,Sí
329,Portugal,Definitivamente sí,Estados Unidos,Historias de aficionados,Descuento directo,Sí,Sí
330,España,Tal vez,Colombia,Un jugador famoso,2x1,Sí,Sí
331,México,Definitivamente sí,Alemania,Historias de aficionados,Sorteo de camisetas,Sí,No
332,Francia,Tal vez,Uruguay,Historias de aficionados,Descuento directo,Sí,No
333,México,Probablemente no,No especificado,Un jugador famoso,Tarjetas coleccionables,Sí,No
334,Portugal,Definitivamente sí,Portugal,Una selección nacional,Sorteo de balones,Sí,No
335,Colombia,Probablemente sí,Argentina,Un jugador famoso,Descuento directo,Sí,Sí
336,Argentina,Definitivamente sí,España,Historias de aficionados,Sorteo de balones,Sí,No
337,Brasil,Definitivamente no,España,Una selección nacional,Producto gratis,Sí,Sí
338,Alemania,Tal vez,Estados Unidos,Un jugador famoso,2x1,No,Sí
339,Argentina,Probablemente sí,España,Una selección nacional,2x1,Sí,No
340,Argentina,Tal vez,Argentina,Una selección nacional,Sorteo de camisetas,Sí,Sí
341,Alemania,Definitivamente sí,España,Una selección nacional,Descuento directo,No,Sí
342,México,Probablemente sí,Brasil,Historias de aficionados,Tarjetas coleccionables,Sí,No
343,Brasil,Definitivamente sí,España,Una selección nacional,Tarjetas coleccionables,Sí,Sí
344,Inglaterra,Probablemente sí,Argentina,Historias de aficionados,2x1,Sí,Sí
345,Argentina,Tal vez,Brasil,Una selección nacional,Descuento directo,Sí,Sí
346,Estados Unidos,Probablemente no,Estados Unidos,Una selección nacional,Tarjetas coleccionables,Sí,Sí
347,Brasil,Probablemente sí,Cabo Verde,Una selección nacional,2x1,Sí,No
348,Argentina,Tal vez,Colombia,Humor,Producto gratis,Sí,Sí
349,Japón,Tal vez,Argentina,Una selección nacional,2x1,Sí,No
350,Portugal,Tal vez,Francia,Un jugador famoso,Producto gratis,Sí,No
351,Brasil,Probablemente sí, ARGENTINA ,Un jugador famoso,Descuento directo,Sí,Sí
352,España,Definitivamente sí,Brasil,Historias de aficionados,2x1,Sí,No
353,Brasil,Definitivamente sí,Francia,Historias de aficionados,Tarjetas coleccionables,Sí,Sí
354,Brasil,Probablemente sí,Francia,Premios y sorteos,2x1,Sí,No
355,España,Definitivamente sí,Argentina,Un jugador famoso,2x1,Sí,No
356,Brasil,Probablemente sí,Brasil,Una selección nacional,Tarjetas coleccionables,Sí,No
357,Czechia,Definitivamente sí,Portugal,Un jugador famoso,2x1,Sí,Sí
358,España,Probablemente sí,México,Historias de aficionados,Tarjetas coleccionables,Sí,No
359,Francia,Definitivamente sí,México,Un jugador famoso,Sorteo de camisetas,Sí,No
360,Brasil,Probablemente sí,Argentina,Premios y sorteos,Tarjetas coleccionables,Sí,No
361,Francia,Probablemente no,Argentina,Premios y sorteos,2x1,Sí,Sí
362,Alemania,Definitivamente no,Argentina,Un jugador famoso,Sorteo de camisetas,Sí,Sí
363,Czechia,Tal vez,Argentina,Un jugador famoso,Producto gratis,No,Sí
364,España,Definitivamente sí,Alemania,Una selección nacional,Descuento directo,Sí,Sí
365,España,Definitivamente no,Brasil,Un jugador famoso,Descuento directo,Sí,Sí
366,Argentina,Definitivamente sí,Colombia,Historias de aficionados,Descuento directo,Sí,Sí
367,Alemania,Definitivamente sí,España,Una selección nacional,Sorteo de camisetas,No,Sí
368,Suecia,Probablemente no,Inglaterra,Una selección nacional,Descuento directo,Sí,Sí
369,España,Definitivamente sí,Alemania,Un jugador famoso,Descuento directo,Sí,Sí
370,Portugal,Definitivamente sí,Brasil,Una selección nacional,Sorteo de viajes,Sí,No
371,Francia,Probablemente sí,Argentina,Una selección nacional,Sorteo de viajes,Sí,Sí
372,Túnez,Probablemente sí,Uruguay,Premios y sorteos,Sorteo de camisetas,Sí,No
373,México,Definitivamente sí,Argentina,Premios y sorteos,Sorteo de viajes,Sí,No
374,Argentina,Definitivamente sí,Argentina,Un jugador famoso,Producto gratis,Sí,No
375,España,Probablemente sí,Uruguay,Historias de aficionados,Tarjetas coleccionables,Sí,No
376,Brasil,Definitivamente sí,México,Una selección nacional,Sorteo de viajes,No,No
377,Brasil,Probablemente sí,Argentina,Una selección nacional,Producto gratis,Sí,Sí
378,Estados Unidos,Definitivamente sí, FRANCIA ,Un jugador famoso,Sorteo de balones,Sí,Sí
379,Panamá,Definitivamente sí,Argentina,Una selección nacional,Descuento directo,Sí,Sí
380,Argentina,Definitivamente sí,Brasil,Una selección nacional,Tarjetas coleccionables,No,Sí
381,Francia,Definitivamente sí,Brasil,Historias de aficionados,Tarjetas coleccionables,Sí,No
382,México,Definitivamente no,Portugal,Una selección nacional,Sorteo de balones,Sí,No
383,Argentina,Probablemente sí,Inglaterra,Premios y sorteos,Tarjetas coleccionables,Sí,No
384,Uzbekistán,Probablemente no,Francia,Un jugador famoso,Producto gratis,Sí,Sí
385,Japón,Tal vez,España,Un jugador famoso,Descuento directo,Sí,Sí
386,Brasil,Probablemente no,México,Una selección nacional,Tarjetas coleccionables,Sí,Sí
387,Brasil,Tal vez,Inglaterra,Un jugador famoso,Sorteo de balones,Sí,No
388,Suiza,Probablemente sí,Argentina,Historias de aficionados,Producto gratis,No,Sí
389,Argentina,Definitivamente sí,Inglaterra,Una selección nacional,Sorteo de balones,Sí,Sí
390,Brasil,Definitivamente sí,Cabo Verde,Premios y sorteos,Descuento directo,Sí,Sí
391,Argentina,Probablemente sí,México,Premios y sorteos,Tarjetas coleccionables,Sí,Sí
392,México,Definitivamente sí,Francia,Humor,Descuento directo,Sí,Sí
393,Portugal,Probablemente sí,Portugal,Humor,Sorteo de viajes,No,Sí
394,Argentina,Definitivamente sí,Francia,Premios y sorteos,Descuento directo,Sí,No
395,México,Definitivamente sí,Argentina,Historias de aficionados,Descuento directo,Sí,Sí
396,México,Definitivamente sí,Portugal,Una selección nacional,Sorteo de balones,Sí,No
397,Francia,Probablemente sí,Portugal,Un jugador famoso,2x1,Sí,Sí
398,Francia,Definitivamente sí,Brasil,Historias de aficionados,Descuento directo,Sí,No
399,Austria,Definitivamente sí,Argentina,Una selección nacional,Descuento directo,Sí,No
400,México,Definitivamente sí,Portugal,Un jugador famoso,Tarjetas coleccionables,Sí,Sí
401,Portugal,Probablemente sí,Portugal,Humor,Producto gratis,Sí,Sí
402,Argentina,Definitivamente sí,Estados Unidos,Una selección nacional,Producto gratis,Sí,Sí
403,Estados Unidos,Probablemente sí,México,Historias de aficionados,Tarjetas coleccionables,Sí,Sí
404,Inglaterra,Definitivamente sí, ALEMANIA ,Un jugador famoso,Descuento directo,Sí,No
405,Brasil,Probablemente sí,Argentina,Una selección nacional,Producto gratis,No,No
406,Brasil,Definitivamente sí,Brasil,Una selección nacional,Sorteo de balones,Sí,Sí
407,Brasil,Definitivamente no,México,Historias de aficionados,Tarjetas coleccionables,Sí,Sí
408,México,Probablemente sí,Brasil,Una selección nacional,2x1,Sí,Sí
409,Brasil,Probablemente no,Francia,Una selección nacional,2x1,Sí,Sí
410,Brasil,Tal vez,Alemania,Humor,Descuento directo,Sí,Sí
411,Estados Unidos,Definitivamente no,México,Una selección nacional,Producto gratis,Sí,Sí
412,Uruguay,Probablemente sí,Türkiye,Historias de aficionados,Sorteo de balones,Sí,Sí
413,Francia,Probablemente sí,Argentina,Una selección nacional,Descuento directo,Sí,No
414,Brasil,Probablemente sí,Brasil,Historias de aficionados,Descuento directo,Sí,Sí
415,Estados Unidos,Definitivamente no,Argentina,Una selección nacional,Tarjetas coleccionables,Sí,Sí
416,Portugal,Probablemente sí,Brasil,Una selección nacional,Descuento directo,Sí,Sí
417,Alemania,Probablemente sí,Nueva Zelanda,Un jugador famoso,2x1,Sí,No
418,México,Tal vez,Argentina,Un jugador famoso,2x1,Sí,No
419,Portugal,Probablemente sí,Inglaterra,Una selección nacional,Producto gratis,Sí,No
420,Francia,Tal vez,Portugal,Premios y sorteos,Tarjetas coleccionables,Sí,Sí
421,Argentina,Probablemente sí,España,Una selección nacional,Tarjetas coleccionables,Sí,Sí
422,Colombia,Tal vez,Brasil,Un jugador famoso,Descuento directo,Sí,No
423,Estados Unidos,Probablemente sí,Brasil,Un jugador famoso,Sorteo de camisetas,Sí,Sí
424,Argentina,Tal vez,México,Premios y sorteos,Tarjetas coleccionables,Sí,Sí
425,Brasil,Probablemente sí,Argentina,Humor,Sorteo de camisetas,Sí,No
426,Francia,Definitivamente sí,España,Humor,Sorteo de viajes,Sí,No
427,Argentina,Probablemente no,Uruguay,Premios y sorteos,Sorteo de viajes,Sí,Sí
428,Brasil,Definitivamente sí,Francia,Una selección nacional,Descuento directo,No,Sí
429,México,Tal vez,México,Un jugador famoso,Tarjetas coleccionables,Sí,Sí
430,Argentina,Tal vez,Francia,Historias de aficionados,2x1,Sí,Sí
431,Colombia,Definitivamente sí,Brasil,Premios y sorteos,2x1,Sí,Sí
432,México,Tal vez,México,Una selección nacional,2x1,Sí,Sí
433,Estados Unidos,Definitivamente no,Brasil,Historias de aficionados,Tarjetas coleccionables,Sí,Sí
434,Colombia,Probablemente sí,Brasil,Un jugador famoso,Descuento directo,Sí,No
435,México,Definitivamente no,Portugal,Premios y sorteos,Sorteo de balones,Sí,Sí
436,Inglaterra,Probablemente sí,Portugal,Premios y sorteos,2x1,No,Sí
437,España,Probablemente sí,México,Premios y sorteos,Producto gratis,Sí,Sí
438,Portugal,Probablemente sí,México,Premios y sorteos,Producto gratis,Sí,No
439,México,Tal vez,Colombia,Una selección nacional,Tarjetas coleccionables,Sí,Sí
440,España,Definitivamente no, ARGENTINA ,Un jugador famoso,Tarjetas coleccionables,Sí,No
441,Brasil,Tal vez,Argentina,Humor,Descuento directo,Sí,No
442,México,Probablemente no, ARGENTINA ,Un jugador famoso,Sorteo de camisetas,Sí,Sí
443,Argentina,Definitivamente sí,South Africa,Premios y sorteos,Sorteo de balones,Sí,Sí
444,Francia,Definitivamente sí, BRASIL ,Un jugador famoso,Sorteo de balones,Sí,No
445,Argentina,Definitivamente sí,México,Un jugador famoso,Sorteo de viajes,Sí,Sí
446,Suecia,Tal vez,Francia,Historias de aficionados,Producto gratis,Sí,No
447,España,Probablemente sí,España,Historias de aficionados,Producto gratis,Sí,Sí
448,México,Definitivamente sí,México,Una selección nacional,Descuento directo,Sí,Sí
449,México,Tal vez,Argentina,Una selección nacional,Descuento directo,Sí,No
450,Estados Unidos,Probablemente sí,Estados Unidos,Una selección nacional,Sorteo de viajes,Sí,No
451,Portugal,Probablemente sí,Suiza,Un jugador famoso,2x1,Sí,Sí
452,Brasil,Tal vez,México,Un jugador famoso,2x1,Sí,Sí
453,Escocia,Definitivamente sí,Uruguay,Humor,Sorteo de viajes,Sí,No
454, MÉXICO ,Definitivamente sí,Argentina,Un jugador famoso,Sorteo de balones,Sí,No
455,Alemania,Probablemente sí,Francia,Un jugador famoso,Sorteo de viajes,Sí,Sí
456,Alemania,Definitivamente sí,Brasil,Un jugador famoso,Descuento directo,Sí,No
457,Brasil,Tal vez,Canadá,Historias de aficionados,Producto gratis,Sí,Sí
458,Inglaterra,Tal vez,México,Historias de aficionados,Descuento directo,Sí,Sí
459,Estados Unidos,Probablemente sí,España,Un jugador famoso,Sorteo de viajes,Sí,Sí
460,Brasil,Definitivamente sí,Japón,Humor,Sorteo de balones,Sí,No
461,México,Definitivamente sí,Francia,Un jugador famoso,Descuento directo,Sí,No
462,México,Definitivamente sí,Brasil,Un jugador famoso,2x1,No,Sí
463,Argentina,Probablemente sí,Brasil,Una selección nacional,Tarjetas coleccionables,Sí,Sí
464,Argentina,Tal vez,Colombia,Un jugador famoso,2x1,Sí,Sí
465,España,Definitivamente no,Argentina,Premios y sorteos,Sorteo de viajes,Sí,No
466,Inglaterra,Probablemente sí,México,Historias de aficionados,Producto gratis,Sí,Sí
467,Portugal,Definitivamente no,México,Un jugador famoso,Descuento directo,No,Sí
468,Argentina,Definitivamente no,Argentina,Un jugador famoso,2x1,Sí,No
469,Francia,Probablemente sí,Argentina,Premios y sorteos,Sorteo de balones,Sí,Sí
470,México,Probablemente sí,Brasil,Una selección nacional,Sorteo de balones,Sí,Sí
471,Portugal,Tal vez,Francia,Un jugador famoso,Descuento directo,Sí,Sí
472,Portugal,Probablemente sí,Uruguay,Una selección nacional,Descuento directo,Sí,No
473,Brasil,Probablemente no, INGLATERRA ,Premios y sorteos,Descuento directo,No,Sí
474,Brasil,Tal vez,Francia,Historias de aficionados,Tarjetas coleccionables,Sí,Sí
475,Haití,Probablemente no,Argentina,Premios y sorteos,Producto gratis,Sí,No
476,Argentina,Definitivamente sí,Portugal,Un jugador famoso,Sorteo de camisetas,Sí,Sí
477,Alemania,Probablemente sí, MÉXICO ,Premios y sorteos,Tarjetas coleccionables,Sí,Sí
478,Argentina,Definitivamente sí,Francia,Historias de aficionados,Producto gratis,No,Sí
479, BRASIL ,Tal vez,España,Historias de aficionados,Sorteo de balones,Sí,Sí
480,Argentina,Probablemente sí,Brasil,Una selección nacional,2x1,Sí,No
481,Alemania,Tal vez,Egipto,Premios y sorteos,2x1,Sí,Sí
482,Francia,Definitivamente sí,Francia,Humor,Descuento directo,Sí,No
483,Brasil,Probablemente sí,Congo DR,Un jugador famoso,Sorteo de camisetas,Sí,No
484,Alemania,Probablemente sí,Brasil,Humor,Sorteo de viajes,Sí,Sí
485,Inglaterra,Probablemente sí,México,Humor,Sorteo de camisetas,Sí,Sí
486,Brasil,Tal vez,Brasil,Un jugador famoso,Descuento directo,Sí,Sí
487,Inglaterra,Definitivamente sí,Argentina,Una selección nacional,2x1,Sí,Sí
488,Estados Unidos,Definitivamente sí,Argentina,Una selección nacional,Sorteo de viajes,Sí,Sí
489,Inglaterra,Probablemente sí,Portugal,Una selección nacional,Sorteo de balones,Sí,Sí
490,Argentina,Probablemente sí,Argentina,Historias de aficionados,Tarjetas coleccionables,Sí,Sí
491,Estados Unidos,Tal vez,Brasil,Premios y sorteos,Sorteo de camisetas,Sí,Sí
492,México,Probablemente sí,España,Un jugador famoso,2x1,Sí,No
493,Paraguay,Tal vez,España,Un jugador famoso,2x1,Sí,No
494,Argentina,Probablemente sí,Estados Unidos,Historias de aficionados,Descuento directo,Sí,Sí
495,Argentina,Probablemente sí,México,Un jugador famoso,Tarjetas coleccionables,Sí,Sí
496,Brasil,Definitivamente no,Portugal,Un jugador famoso,Sorteo de balones,Sí,No
497,México,Definitivamente sí,Alemania,Una selección nacional,Tarjetas coleccionables,Sí,Sí
498,Colombia,Tal vez,España,Historias de aficionados,Producto gratis,Sí,Sí
499,Brasil,Probablemente no,Portugal,Premios y sorteos,Descuento directo,Sí,Sí
500,Francia,Probablemente no,Argentina,Premios y sorteos,Sorteo de camisetas,Sí,Sí
501,Argentina,Definitivamente sí,Argentina,Un jugador famoso,Sorteo de viajes,Sí,No
502,Paraguay,Definitivamente sí,México,Humor,Sorteo de viajes,Sí,No
503,México,Tal vez,Argentina,Premios y sorteos,2x1,Sí,Sí
504,Francia,Probablemente sí,Argentina,Una selección nacional,Tarjetas coleccionables,Sí,Sí
505,Francia,Tal vez,Noruega,Humor,Producto gratis,Sí,Sí
506, BRASIL ,Tal vez,México,Un jugador famoso,2x1,Sí,Sí
507,Francia,Probablemente no,Uruguay,Humor,Producto gratis,No,Sí
508,Argentina,Tal vez,Argentina,Una selección nacional,Tarjetas coleccionables,Sí,Sí
509,Haití,Probablemente sí,Francia,Un jugador famoso,Descuento directo,Sí,Sí
510,Argentina,Tal vez,Portugal,Un jugador famoso,Sorteo de viajes,No,No
511,Estados Unidos,Probablemente sí,México,Una selección nacional,Sorteo de balones,No,Sí
512,Colombia,Probablemente sí,Portugal,Una selección nacional,Producto gratis,Sí,Sí
513,Francia,Probablemente sí,México,Premios y sorteos,Sorteo de balones,Sí,No
514,Uruguay,Tal vez,Costa de Marfil,Una selección nacional,2x1,Sí,No
515,Uruguay,Definitivamente sí,Inglaterra,Historias de aficionados,Sorteo de viajes,Sí,Sí
516,Japón,Probablemente sí,Argentina,Un jugador famoso,Descuento directo,No,No
517,Alemania,Definitivamente sí,Brasil,Una selección nacional,Tarjetas coleccionables,Sí,Sí
518,Estados Unidos,Probablemente sí,Uruguay,Una selección nacional,Sorteo de camisetas,Sí,No
519,Senegal,Probablemente sí,Francia,Historias de aficionados,Tarjetas coleccionables,No,Sí
520,Uruguay,Tal vez,Argentina,Una selección nacional,Sorteo de viajes,No,Sí
521,Brasil,Definitivamente sí,Marruecos,Un jugador famoso,Sorteo de camisetas,Sí,Sí
522,Uruguay,Probablemente sí,Costa de Marfil,Premios y sorteos,Producto gratis,Sí,Sí
523,Portugal,Probablemente sí,México,Historias de aficionados,Sorteo de balones,Sí,No
524,Inglaterra,Definitivamente sí,Argentina,Humor,Descuento directo,Sí,Sí
525,Portugal,Definitivamente sí,México,Premios y sorteos,Tarjetas coleccionables,No,No
526,Francia,Definitivamente sí,Portugal,Una selección nacional,2x1,Sí,No
527, BRASIL ,Definitivamente no,Francia,Premios y sorteos,2x1,Sí,No
528,Argentina,Probablemente sí,Argentina,Una selección nacional,Descuento directo,Sí,No
529,Bélgica,Tal vez,Argentina,Una selección nacional,Descuento directo,Sí,Sí
530,Brasil,Probablemente sí,Argentina,Una selección nacional,Sorteo de camisetas,No,No
531,Francia,Definitivamente sí,Estados Unidos,Historias de aficionados,Sorteo de viajes,Sí,Sí
532,Colombia,Tal vez,Uruguay,Un jugador famoso,Tarjetas coleccionables,Sí,Sí
533,Senegal,Definitivamente sí, MÉXICO ,Premios y sorteos,Producto gratis,Sí,Sí
534,México,Definitivamente no,Brasil,Una selección nacional,Sorteo de balones,Sí,No
535,México,Probablemente sí,Brasil,Historias de aficionados,Descuento directo,No,Sí
536,México,Probablemente no,Irak,Un jugador famoso,Descuento directo,Sí,No
537,Estados Unidos,Definitivamente sí,México,Humor,Descuento directo,Sí,No
538,Portugal,Definitivamente sí,Alemania,Una selección nacional,Descuento directo,Sí,Sí
539,Argentina,Definitivamente sí,Portugal,Un jugador famoso,2x1,Sí,Sí
540,Brasil,Probablemente sí,Brasil,Historias de aficionados,Sorteo de balones,Sí,Sí
541,Colombia,Definitivamente sí,Argentina,Un jugador famoso,Sorteo de camisetas,Sí,No
542,Argentina,Definitivamente sí,Francia,Una selección nacional,Sorteo de camisetas,Sí,Sí
543,Brasil,Tal vez,Uruguay,Premios y sorteos,Tarjetas coleccionables,Sí,No
544,Inglaterra,Definitivamente no,Argentina,Premios y sorteos,Producto gratis,Sí,Sí
545,Argentina,Definitivamente no,Brasil,Una selección nacional,Sorteo de camisetas,Sí,Sí
546,Brasil,Tal vez, ESTADOS UNIDOS ,Un jugador famoso,2x1,Sí,Sí
547,Francia,Definitivamente no,Inglaterra,Un jugador famoso,Descuento directo,Sí,Sí
548,Brasil,Probablemente sí,Inglaterra,Un jugador famoso,Descuento directo,Sí,Sí
549,Argentina,Probablemente sí,Portugal,Premios y sorteos,Sorteo de viajes,Sí,No
550,Francia,Definitivamente sí,España,Historias de aficionados,Tarjetas coleccionables,Sí,Sí
551,Francia,Probablemente no,México,Un jugador famoso,Sorteo de viajes,Sí,No
552,Inglaterra,Definitivamente sí,España,Historias de aficionados,2x1,Sí,No
553,Portugal,Probablemente sí,Francia,Un jugador famoso,Sorteo de viajes,Sí,No
554,Brasil,Probablemente no,Argentina,Premios y sorteos,Descuento directo,Sí,Sí
555,Francia,Definitivamente sí,No especificado,Premios y sorteos,Tarjetas coleccionables,Sí,Sí
556,México,Tal vez,Francia,Un jugador famoso,Sorteo de camisetas,No,Sí
557,Argentina,Tal vez,Estados Unidos,Una selección nacional,Tarjetas coleccionables,Sí,No
558,Portugal,Probablemente sí,Brasil,Historias de aficionados,Producto gratis,Sí,Sí
559,Argentina,Definitivamente sí,España,Una selección nacional,2x1,Sí,Sí
560,Francia,Definitivamente sí,Francia,Premios y sorteos,Sorteo de camisetas,Sí,No
561,Uruguay,Definitivamente sí,Uruguay,Un jugador famoso,2x1,Sí,Sí
562,Argentina,Definitivamente sí,Brasil,Premios y sorteos,Descuento directo,Sí,Sí
563,México,Probablemente sí,Alemania,Una selección nacional,Tarjetas coleccionables,Sí,Sí
564,Estados Unidos,Tal vez,Suecia,Un jugador famoso,Sorteo de balones,Sí,Sí
565,México,Tal vez,Brasil,Premios y sorteos,2x1,Sí,Sí
566,Portugal,Tal vez,Francia,Una selección nacional,Sorteo de camisetas,Sí,No
567,Brasil,Probablemente sí,Francia,Humor,2x1,Sí,No
568,Panamá,Definitivamente sí,España,Premios y sorteos,Descuento directo,Sí,No
569,Colombia,Tal vez,Argentina,Humor,Sorteo de camisetas,Sí,No
570,Argentina,Definitivamente no,Alemania,Historias de aficionados,Producto gratis,Sí,Sí
571,Arabia Saudita,Definitivamente no,Inglaterra,Un jugador famoso,Tarjetas coleccionables,Sí,Sí
572, ESTADOS UNIDOS ,Probablemente sí,Brasil,Premios y sorteos,2x1,Sí,Sí
573,Argentina,Tal vez,No especificado,Un jugador famoso,Producto gratis,Sí,Sí
574,Argentina,Definitivamente sí,Estados Unidos,Humor,Tarjetas coleccionables,Sí,Sí
575,México,Definitivamente sí,Argentina,Historias de aficionados,Descuento directo,Sí,No
576,Portugal,Probablemente sí,Francia,Una selección nacional,Descuento directo,Sí,No
577,Estados Unidos,Definitivamente sí,México,Una selección nacional,Sorteo de camisetas,Sí,No
578,Escocia,Probablemente no,Argentina,Una selección nacional,2x1,Sí,No
579,Inglaterra,Definitivamente sí,México,Una selección nacional,Descuento directo,Sí,Sí
580,Portugal,Definitivamente sí,Argentina,Una selección nacional,Descuento directo,Sí,Sí
581,Portugal,Tal vez,Argentina,Historias de aficionados,Descuento directo,Sí,No
582,Inglaterra,Definitivamente sí,Inglaterra,Una selección nacional,2x1,Sí,No
583,México,Definitivamente no,Portugal,Premios y sorteos,Descuento directo,Sí,Sí
584,México,Tal vez,Estados Unidos,Premios y sorteos,Sorteo de camisetas,Sí,No
585,Uruguay,Definitivamente sí,Francia,Premios y sorteos,Sorteo de camisetas,Sí,Sí
586,Argentina,Probablemente no,Brasil,Premios y sorteos,Sorteo de viajes,No,Sí
587,España,Probablemente sí,Portugal,Una selección nacional,2x1,Sí,Sí
588,México,Tal vez,Brasil,Una selección nacional,Tarjetas coleccionables,Sí,Sí
589,Inglaterra,Definitivamente sí,Argentina,Humor,2x1,Sí,Sí
590,Colombia,Probablemente no,Brasil,Un jugador famoso,Tarjetas coleccionables,Sí,Sí
591,Estados Unidos,Tal vez,México,Una selección nacional,Descuento directo,No,Sí
592,Argentina,Probablemente sí,Francia,Humor,2x1,Sí,Sí
593,Portugal,Definitivamente no,Colombia,Un jugador famoso,2x1,Sí,No
594,Francia,Probablemente sí,No especificado,Humor,Sorteo de viajes,Sí,Sí
595,Inglaterra,Probablemente sí,Brasil,Humor,2x1,Sí,Sí
596,Argentina,Definitivamente sí,Brasil,Premios y sorteos,Tarjetas coleccionables,Sí,Sí
597,Portugal,Probablemente sí,Alemania,Un jugador famoso,Descuento directo,Sí,No
598,Portugal,Probablemente sí,España,Una selección nacional,Descuento directo,Sí,Sí
599,España,Definitivamente sí,Argentina,Premios y sorteos,Producto gratis,Sí,No
600,Portugal,Probablemente sí,Francia,Una selección nacional,Sorteo de balones,Sí,Sí
601,Estados Unidos,Tal vez,Brasil,Un jugador famoso,Descuento directo,Sí,Sí
602,Brasil,Probablemente sí,Argentina,Una selección nacional,Descuento directo,No,Sí
603,Argentina,Probablemente no,México,Una selección nacional,Sorteo de camisetas,Sí,Sí
604,México,Definitivamente sí,Argentina,Un jugador famoso,Producto gratis,Sí,No
605,Arabia Saudita,Tal vez,Argentina,Una selección nacional,Descuento directo,Sí,Sí
606,Brasil,Definitivamente sí,México,Un jugador famoso,Sorteo de camisetas,Sí,Sí
607,Estados Unidos,Tal vez,Brasil,Premios y sorteos,Descuento directo,No,No
608,Brasil,Definitivamente sí,México,Una selección nacional,Sorteo de viajes,Sí,Sí
609,Brasil,Tal vez,Argentina,Una selección nacional,Descuento directo,Sí,No
610,Francia,Probablemente sí,Portugal,Una selección nacional,Producto gratis,Sí,No
611, BRASIL ,Tal vez,México,Premios y sorteos,Sorteo de viajes,Sí,Sí
612, PORTUGAL ,Definitivamente sí,Brasil,Historias de aficionados,Descuento directo,Sí,No
613,España,Definitivamente sí,Argentina,Un jugador famoso,Producto gratis,No,No
614,Argentina,Definitivamente sí,Argentina,Historias de aficionados,Sorteo de camisetas,Sí,No
615,Arabia Saudita,Definitivamente no,Alemania,Una selección nacional,Descuento directo,Sí,No
616,Brasil,Definitivamente sí,España,Historias de aficionados,2x1,No,No
617,Brasil,Tal vez,Portugal,Un jugador famoso,Descuento directo,Sí,Sí
618,Inglaterra,Definitivamente sí,Estados Unidos,Una selección nacional,Sorteo de viajes,Sí,Sí
619,Portugal,Probablemente sí,Inglaterra,Humor,Producto gratis,Sí,Sí
620,Francia,Probablemente sí,Portugal,Una selección nacional,2x1,Sí,Sí
621,Estados Unidos,Tal vez,Uruguay,Historias de aficionados,Sorteo de viajes,Sí,No
622,Brasil,Tal vez,España,Un jugador famoso,Descuento directo,Sí,Sí
623,Argentina,Probablemente sí,Argentina,Una selección nacional,Tarjetas coleccionables,No,Sí
624,Colombia,Probablemente no,Brasil,Un jugador famoso,Descuento directo,Sí,Sí
625,México,Definitivamente sí,Francia,Un jugador famoso,Sorteo de camisetas,Sí,Sí
626,México,Probablemente no,Argentina,Historias de aficionados,Producto gratis,No,Sí
627,Brasil,Probablemente no,Uruguay,Un jugador famoso,Tarjetas coleccionables,Sí,Sí
628,Argelia,Probablemente sí, MÉXICO ,Una selección nacional,Descuento directo,Sí,No
629,España,Probablemente sí,Argentina,Un jugador famoso,Descuento directo,Sí,Sí
630,España,Probablemente no,Argentina,Una selección nacional,2x1,Sí,Sí
631,Brasil,Definitivamente no,Francia,Un jugador famoso,Sorteo de balones,Sí,Sí
632,Portugal,Definitivamente no,Portugal,Una selección nacional,Producto gratis,Sí,Sí
633,Brasil,Tal vez,México,Un jugador famoso,Tarjetas coleccionables,Sí,No
634,Curaçao,Probablemente no,Brasil,Un jugador famoso,2x1,Sí,No
635,Brasil,Definitivamente sí,Inglaterra,Premios y sorteos,Descuento directo,Sí,Sí
636,Francia,Probablemente no,Senegal,Un jugador famoso,Sorteo de viajes,Sí,Sí
637,Portugal,Definitivamente sí,Inglaterra,Premios y sorteos,Sorteo de camisetas,No,Sí
638,Francia,Probablemente sí,Brasil,Historias de aficionados,2x1,Sí,Sí
639,Francia,Definitivamente sí,Panamá,Un jugador famoso,Tarjetas coleccionables,Sí,Sí
640,España,Definitivamente no,Portugal,Humor,Descuento directo,Sí,Sí
641,Portugal,Definitivamente sí,Portugal,Un jugador famoso,Sorteo de balones,Sí,Sí
642,Alemania,Definitivamente no,España,Historias de aficionados,Tarjetas coleccionables,Sí,No
643,Alemania,Tal vez,Brasil,Historias de aficionados,2x1,Sí,Sí
644,Portugal,Tal vez,México,Un jugador famoso,2x1,Sí,Sí
645,Argentina,Tal vez,México,Un jugador famoso,Sorteo de camisetas,Sí,Sí
646,Ghana,Definitivamente no,Argentina,Un jugador famoso,Descuento directo,No,No
647,Brasil,Tal vez,México,Una selección nacional,2x1,Sí,Sí
648,España,Definitivamente sí,Argentina,Un jugador famoso,Tarjetas coleccionables,No,Sí
649,Inglaterra,Definitivamente sí,Corea del Sur,Una selección nacional,Tarjetas coleccionables,Sí,Sí
650,México,Probablemente sí,Portugal,Una selección nacional,Sorteo de camisetas,Sí,Sí
651,Uzbekistán,Definitivamente sí,Portugal,Historias de aficionados,2x1,Sí,Sí
652,España,Tal vez,Portugal,Premios y sorteos,Sorteo de balones,Sí,No
653,Portugal,Definitivamente sí,No especificado,Un jugador famoso,Producto gratis,Sí,Sí
654,Francia,Definitivamente sí,Argentina,Humor,Tarjetas coleccionables,Sí,No
655,México,Definitivamente no,Argentina,Historias de aficionados,Descuento directo,Sí,No
656,Inglaterra,Probablemente no,Inglaterra,Premios y sorteos,Descuento directo,Sí,No
657,Uruguay,Definitivamente sí,Uruguay,Un jugador famoso,2x1,Sí,No
658,Colombia,Probablemente sí,Portugal,Premios y sorteos,Tarjetas coleccionables,Sí,Sí
659,Brasil,Tal vez,Francia,Un jugador famoso,Descuento directo,Sí,Sí
660,Portugal,Probablemente no,Brasil,Premios y sorteos,Sorteo de balones,Sí,Sí
661,Curaçao,Definitivamente sí,Portugal,Historias de aficionados,Producto gratis,Sí,No
662,España,Probablemente sí,España,Premios y sorteos,Descuento directo,Sí,Sí
663,Argentina,Probablemente sí,Brasil,Una selección nacional,Sorteo de viajes,Sí,No
664,México,Probablemente sí,Portugal,Una selección nacional,Sorteo de balones,Sí,Sí
665,Brasil,Tal vez,México,Premios y sorteos,Descuento directo,Sí,Sí
666,Argentina,Definitivamente sí, ARGENTINA ,Historias de aficionados,Producto gratis,Sí,Sí
667,Francia,Tal vez,Portugal,Un jugador famoso,Producto gratis,Sí,Sí
668,Alemania,Tal vez,Argentina,Premios y sorteos,Tarjetas coleccionables,No,No
669,Argentina,Definitivamente sí,Brasil,Un jugador famoso,Descuento directo,Sí,Sí
670,España,Probablemente sí,Argentina,Un jugador famoso,Tarjetas coleccionables,Sí,Sí
671,Argentina,Tal vez,México,Humor,2x1,Sí,Sí
672,Inglaterra,Probablemente no,Argentina,Historias de aficionados,2x1,Sí,Sí
673,Portugal,Definitivamente sí,Colombia,Premios y sorteos,2x1,Sí,Sí
674,Francia,Probablemente sí,España,Premios y sorteos,Sorteo de camisetas,Sí,No
675,España,Definitivamente sí,Brasil,Historias de aficionados,Descuento directo,Sí,Sí
676,Portugal,Probablemente sí,Argentina,Premios y sorteos,Descuento directo,Sí,Sí
677,Inglaterra,Probablemente no,Brasil,Una selección nacional,Tarjetas coleccionables,Sí,No
678,Argentina,Probablemente sí,España,Un jugador famoso,Descuento directo,Sí,Sí
679,Portugal,Probablemente sí,Francia,Un jugador famoso,Descuento directo,Sí,Sí
680,México,Probablemente sí,Brasil,Un jugador famoso,Tarjetas coleccionables,Sí,Sí
681,México,Definitivamente sí,Brasil,Historias de aficionados,Sorteo de camisetas,No,No
682,México,Tal vez,Argentina,Una selección nacional,Descuento directo,Sí,Sí
683,Francia,Tal vez,Suiza,Un jugador famoso,Descuento directo,Sí,Sí
684,Brasil,Probablemente no,Estados Unidos,Un jugador famoso,Tarjetas coleccionables,No,No
685,Argentina,Definitivamente sí,México,Una selección nacional,Sorteo de balones,Sí,Sí
686,Estados Unidos,Probablemente sí,Alemania,Un jugador famoso,Sorteo de viajes,Sí,No
687,Argentina,Definitivamente sí,Francia,Humor,Sorteo de viajes,Sí,Sí
688,Argentina,Tal vez,Francia,Una selección nacional,Sorteo de balones,Sí,Sí
689,Francia,Definitivamente sí,Francia,Una selección nacional,Producto gratis,Sí,Sí
690,España,Probablemente sí,Uruguay,Un jugador famoso,Sorteo de camisetas,Sí,No
691,Argentina,Definitivamente sí,Brasil,Historias de aficionados,Producto gratis,Sí,Sí
692, PORTUGAL ,Probablemente sí,Brasil,Una selección nacional,2x1,Sí,Sí
693,Croacia,Definitivamente sí,Alemania,Un jugador famoso,Descuento directo,Sí,No
694,México,Probablemente sí,Argentina,Un jugador famoso,Producto gratis,No,No
695,México,Tal vez,Brasil,Una selección nacional,2x1,Sí,Sí
696,Argentina,Definitivamente sí,Alemania,Una selección nacional,Sorteo de balones,Sí,Sí
697,México,Tal vez,Francia,Humor,Producto gratis,Sí,Sí
698,Alemania,Definitivamente sí,Argentina,Humor,Producto gratis,Sí,No
699,Egipto,Probablemente sí,Francia,Un jugador famoso,2x1,No,No
700,Argentina,Tal vez,Francia,Historias de aficionados,Descuento directo,Sí,Sí
701,Japón,Tal vez,México,Una selección nacional,2x1,No,Sí
702,México,Probablemente sí,Uruguay,Una selección nacional,Descuento directo,Sí,No
703,Argentina,Definitivamente sí,México,Historias de aficionados,2x1,Sí,No
704,Argentina,Definitivamente sí,España,Una selección nacional,Descuento directo,Sí,No
705,Portugal,Probablemente sí,Argentina,Premios y sorteos,Sorteo de viajes,Sí,No
706,Argentina,Definitivamente no,Portugal,Historias de aficionados,2x1,Sí,Sí
707,Brasil,Definitivamente sí,Brasil,Un jugador famoso,Tarjetas coleccionables,Sí,Sí
708,España,Probablemente sí,Congo DR,Humor,Descuento directo,Sí,Sí
709,Brasil,Probablemente sí,Inglaterra,Premios y sorteos,Descuento directo,No,Sí
710,España,Tal vez,México,Premios y sorteos,Descuento directo,Sí,Sí
711,Brasil,Definitivamente sí,Colombia,Un jugador famoso,2x1,Sí,Sí
712,Argentina,Probablemente sí,Estados Unidos,Humor,Descuento directo,Sí,Sí
713,Colombia,Tal vez,Portugal,Una selección nacional,Descuento directo,No,Sí
714,España,Probablemente sí,Francia,Premios y sorteos,Sorteo de balones,Sí,Sí
715,Brasil,Tal vez,Argentina,Humor,2x1,Sí,Sí
716,Brasil,Definitivamente sí,España,Humor,Descuento directo,Sí,No
717,Brasil,Probablemente no,Brasil,Una selección nacional,Producto gratis,Sí,Sí
718,Argentina,Probablemente sí,México,Un jugador famoso,Producto gratis,Sí,No
719,Portugal,Tal vez,España,Historias de aficionados,Tarjetas coleccionables,Sí,No
720,Argentina,Probablemente sí,Jordania,Humor,Tarjetas coleccionables,Sí,Sí
721,Portugal,Probablemente no,España,Un jugador famoso,Descuento directo,Sí,Sí
722,Estados Unidos,Definitivamente sí,Portugal,Historias de aficionados,2x1,Sí,No
723,Brasil,Definitivamente sí,Argentina,Un jugador famoso,Descuento directo,Sí,Sí
724,Brasil,Probablemente no,México,Premios y sorteos,Sorteo de balones,Sí,No
725,Francia,Probablemente sí,Argentina,Una selección nacional,Descuento directo,Sí,Sí
726,Brasil,Probablemente sí,España,Premios y sorteos,2x1,Sí,Sí
727,Portugal,Probablemente sí,España,Un jugador famoso,Tarjetas coleccionables,Sí,No
728,España,Tal vez,Colombia,Humor,Sorteo de camisetas,Sí,No
729,Argentina,Probablemente sí,México,Humor,Tarjetas coleccionables,Sí,No
730, ARGENTINA ,Probablemente no,Brasil,Una selección nacional,Tarjetas coleccionables,Sí,Sí
731,España,Definitivamente sí,Francia,Premios y sorteos,Descuento directo,Sí,Sí
732,Brasil,Tal vez,España,Premios y sorteos,Sorteo de camisetas,Sí,Sí
733,Brasil,Probablemente sí,Colombia,Un jugador famoso,Sorteo de camisetas,Sí,No
734,España,Tal vez,Colombia,Historias de aficionados,Descuento directo,No,Sí
735,Argentina,Tal vez,Brasil,Un jugador famoso,Sorteo de balones,Sí,Sí
736,Alemania,Probablemente sí,Alemania,Un jugador famoso,2x1,Sí,Sí
737,Argentina,Tal vez,Argentina,Una selección nacional,Descuento directo,Sí,Sí
738,Brasil,Definitivamente sí,Portugal,Premios y sorteos,Tarjetas coleccionables,Sí,No
739,Colombia,Probablemente no,Alemania,Un jugador famoso,Descuento directo,Sí,Sí
740,Brasil,Tal vez,Estados Unidos,Una selección nacional,Sorteo de balones,Sí,No
741,Ghana,Probablemente sí,Canadá,Premios y sorteos,Sorteo de viajes,Sí,No
742,Estados Unidos,Probablemente sí,Portugal,Un jugador famoso,Sorteo de viajes,No,Sí
743,Paraguay,Probablemente sí,Francia,Humor,Sorteo de viajes,Sí,No
744,España,Probablemente sí,Francia,Una selección nacional,Tarjetas coleccionables,Sí,No
745,Argentina,Definitivamente no,España,Una selección nacional,Producto gratis,Sí,No
746,Uruguay,Tal vez,España,Humor,Producto gratis,Sí,Sí
747,Francia,Probablemente sí,Inglaterra,Historias de aficionados,2x1,Sí,No
748,España,Tal vez,Argentina,Historias de aficionados,2x1,Sí,No
749,España,Tal vez,Portugal,Premios y sorteos,Tarjetas coleccionables,Sí,Sí
750,Argentina,Definitivamente sí, ARGENTINA ,Historias de aficionados,2x1,Sí,Sí
751,Brasil,Definitivamente sí,Francia,Historias de aficionados,Sorteo de camisetas,Sí,Sí
752,México,Probablemente sí,España,Una selección nacional,Descuento directo,Sí,Sí
753,Brasil,Definitivamente sí,Inglaterra,Una selección nacional,Producto gratis,Sí,Sí
754,España,Probablemente no,Inglaterra,Premios y sorteos,2x1,Sí,Sí
755,Argentina,Probablemente sí,México,Historias de aficionados,Producto gratis,Sí,Sí
756,Francia,Definitivamente sí,Brasil,Premios y sorteos,2x1,Sí,No
757,Estados Unidos,Probablemente sí, ESTADOS UNIDOS ,Un jugador famoso,Sorteo de balones,Sí,No
758,Brasil,Tal vez,Brasil,Un jugador famoso,Descuento directo,Sí,No
759,Estados Unidos,Tal vez,México,Una selección nacional,Sorteo de balones,Sí,Sí
760,Francia,Definitivamente sí,México,Un jugador famoso,Sorteo de camisetas,Sí,Sí
761,Paraguay,Probablemente sí,Argentina,Humor,Descuento directo,No,Sí
762,Portugal,Probablemente no,Portugal,Premios y sorteos,Descuento directo,Sí,Sí
763,Argentina,Tal vez,México,Historias de aficionados,Producto gratis,Sí,Sí
764,Brasil,Definitivamente sí,Canadá,Un jugador famoso,2x1,Sí,Sí
765,Jordania,Tal vez,Estados Unidos,Un jugador famoso,2x1,Sí,Sí
766,Brasil,Tal vez,Argentina,Una selección nacional,Sorteo de camisetas,Sí,Sí
767,Inglaterra,Tal vez,México,Un jugador famoso,Producto gratis,Sí,Sí
768,México,Probablemente sí,Brasil,Un jugador famoso,Sorteo de viajes,Sí,Sí
769,Brasil,Definitivamente sí,Colombia,Premios y sorteos,2x1,Sí,Sí
770,Jordania,Definitivamente sí,Argentina,Un jugador famoso,2x1,Sí,Sí
771,Francia,Definitivamente sí,Brasil,Un jugador famoso,Sorteo de camisetas,No,Sí
772,Portugal,Probablemente no,Colombia,Un jugador famoso,Descuento directo,Sí,Sí
773,México,Definitivamente sí,España,Humor,Descuento directo,Sí,Sí
774, FRANCIA ,Definitivamente sí,México,Historias de aficionados,2x1,Sí,Sí
775,Brasil,Probablemente sí,España,Un jugador famoso,Descuento directo,Sí,Sí
776,Francia,Probablemente sí,Francia,Una selección nacional,2x1,Sí,No
777, BRASIL ,Tal vez,Argentina,Un jugador famoso,Sorteo de balones,Sí,No
778,Brasil,Definitivamente no,Colombia,Una selección nacional,2x1,Sí,No
779,Argentina,Definitivamente sí,Croacia,Un jugador famoso,Descuento directo,Sí,Sí
780,Inglaterra,Definitivamente sí,Argentina,Premios y sorteos,Descuento directo,Sí,No
781,Portugal,Tal vez,Argentina,Humor,2x1,Sí,No
782,Colombia,Probablemente sí,Estados Unidos,Un jugador famoso,Sorteo de balones,Sí,Sí
783,México,Probablemente sí,Estados Unidos,Un jugador famoso,Sorteo de balones,Sí,No
784,Alemania,Probablemente no,Alemania,Premios y sorteos,Sorteo de balones,Sí,No
785,México,Tal vez,Portugal,Premios y sorteos,Descuento directo,No,Sí
786,Francia,Tal vez,Congo DR,Historias de aficionados,Sorteo de camisetas,No,No
787,México,Probablemente sí,Estados Unidos,Un jugador famoso,Descuento directo,No,No
788,Canadá,Definitivamente sí,Argentina,Un jugador famoso,Sorteo de viajes,No,Sí
789,México,Probablemente sí,Argentina,Premios y sorteos,Sorteo de viajes,Sí,Sí
790,Portugal,Definitivamente sí,Brasil,Premios y sorteos,2x1,Sí,Sí
791,Brasil,Definitivamente sí,Argentina,Premios y sorteos,Sorteo de camisetas,Sí,Sí
792,México,Tal vez,Brasil,Una selección nacional,Producto gratis,Sí,Sí
793,Estados Unidos,Definitivamente sí,Uruguay,Un jugador famoso,Sorteo de balones,Sí,Sí
794,Argentina,Probablemente no,México,Historias de aficionados,Descuento directo,Sí,No
795,Francia,Probablemente sí,Argentina,Humor,Sorteo de camisetas,Sí,Sí
796,México,Definitivamente sí,Francia,Humor,Sorteo de camisetas,Sí,No
797,Argentina,Tal vez,Argentina,Un jugador famoso,Tarjetas coleccionables,Sí,Sí
798,Brasil,Probablemente sí,España,Historias de aficionados,Sorteo de camisetas,Sí,Sí
799,Brasil,Definitivamente sí,México,Premios y sorteos,Descuento directo,No,No
800,Uruguay,Tal vez,Francia,Un jugador famoso,2x1,Sí,Sí
801,Irán,Probablemente sí,Irak,Un jugador famoso,Tarjetas coleccionables,Sí,No
802,México,Tal vez,Portugal,Un jugador famoso,Descuento directo,Sí,Sí
803,Brasil,Tal vez,Argentina,Premios y sorteos,Descuento directo,Sí,Sí
804,México,Probablemente no,Argentina,Un jugador famoso,Sorteo de camisetas,Sí,No
805, TÜRKIYE ,Definitivamente sí,España,Premios y sorteos,Descuento directo,Sí,Sí
806,México,Tal vez,Argentina,Una selección nacional,2x1,Sí,No
807,Brasil,Probablemente no,Curaçao,Premios y sorteos,Producto gratis,Sí,Sí
808,México,Tal vez,Brasil,Premios y sorteos,Descuento directo,Sí,Sí
809,Estados Unidos,Tal vez,Estados Unidos,Un jugador famoso,2x1,Sí,No
810,Portugal,Probablemente sí,Argentina,Una selección nacional,2x1,Sí,Sí
811,Francia,Probablemente sí,Portugal,Un jugador famoso,Sorteo de balones,Sí,Sí
812,Portugal,Definitivamente sí,México,Premios y sorteos,Sorteo de viajes,Sí,No
813,Suecia,Definitivamente sí,Brasil,Humor,2x1,Sí,Sí
814,Argentina,Definitivamente sí,Argentina,Historias de aficionados,Tarjetas coleccionables,Sí,No
815,Francia,Definitivamente sí,Argentina,Historias de aficionados,Descuento directo,Sí,Sí
816,España,Probablemente no,España,Un jugador famoso,Tarjetas coleccionables,Sí,No
817,Francia,Definitivamente sí,México,Una selección nacional,Descuento directo,Sí,Sí
818,Francia,Probablemente sí,Nueva Zelanda,Un jugador famoso,Descuento directo,Sí,Sí
819,Argentina,Tal vez,España,Un jugador famoso,Sorteo de balones,Sí,Sí
820,Portugal,Probablemente sí,México,Un jugador famoso,Descuento directo,Sí,No
821,España,Definitivamente sí,Panamá,Premios y sorteos,2x1,Sí,No
822,México,Probablemente no,Argentina,Un jugador famoso,Sorteo de viajes,Sí,Sí
823,Uruguay,Tal vez,Argentina,Una selección nacional,Sorteo de balones,Sí,No
824,Haití,Definitivamente sí,España,Historias de aficionados,Producto gratis,Sí,Sí
825,Argentina,Definitivamente no,México,Humor,Descuento directo,Sí,Sí
826,México,Probablemente sí,Portugal,Una selección nacional,Tarjetas coleccionables,Sí,No
827,Estados Unidos,Probablemente no,Argentina,Un jugador famoso,2x1,Sí,Sí
828,España,Probablemente sí,Francia,Historias de aficionados,Sorteo de balones,Sí,Sí
829,Brasil,Probablemente sí, FRANCIA ,Humor,2x1,Sí,No
830,Brasil,Tal vez,Inglaterra,Premios y sorteos,Tarjetas coleccionables,Sí,Sí
831,Francia,Probablemente sí,Brasil,Una selección nacional,Descuento directo,Sí,No
832,Portugal,Definitivamente no,Inglaterra,Humor,Sorteo de balones,Sí,No
833,España,Definitivamente sí,Inglaterra,Una selección nacional,Tarjetas coleccionables,Sí,Sí
834,Bosnia y Herzegovina,Definitivamente no,Noruega,Historias de aficionados,Descuento directo,Sí,No
835,Inglaterra,Definitivamente sí,Brasil,Historias de aficionados,Tarjetas coleccionables,Sí,Sí
836,España,Tal vez,Qatar,Una selección nacional,Tarjetas coleccionables,Sí,Sí
837,Portugal,Definitivamente sí,España,Historias de aficionados,Tarjetas coleccionables,Sí,Sí
838,Alemania,Definitivamente sí,Francia,Humor,Descuento directo,Sí,Sí
839,Colombia,Definitivamente sí,Curaçao,Una selección nacional,Tarjetas coleccionables,Sí,Sí
840,Argentina,Tal vez,Uruguay,Premios y sorteos,2x1,Sí,Sí
841,Portugal,Probablemente sí,Brasil,Humor,Producto gratis,Sí,No
842,México,Probablemente no,Argentina,Un jugador famoso,Tarjetas coleccionables,Sí,No
843,Croacia,Probablemente no,Brasil,Premios y sorteos,2x1,Sí,Sí
844,Francia,Definitivamente sí,España,Una selección nacional,Sorteo de balones,Sí,Sí
845,Argentina,Definitivamente sí, BRASIL ,Historias de aficionados,Descuento directo,Sí,No
846,Francia,Tal vez,México,Un jugador famoso,Sorteo de camisetas,Sí,Sí
847,Portugal,Definitivamente sí,Brasil,Humor,2x1,Sí,No
848,Brasil,Tal vez,Brasil,Humor,Descuento directo,Sí,Sí
849,Argentina,Probablemente no,Brasil,Un jugador famoso,Producto gratis,Sí,No
850,Brasil,Tal vez,México,Una selección nacional,Tarjetas coleccionables,Sí,Sí
851,Argentina,Tal vez,México,Humor,Tarjetas coleccionables,Sí,No
852,Nueva Zelanda,Probablemente no,Argentina,Humor,Tarjetas coleccionables,Sí,Sí
853,México,Definitivamente sí, BRASIL ,Un jugador famoso,Producto gratis,No,Sí
854,Canadá,Tal vez,Brasil,Premios y sorteos,Sorteo de camisetas,No,No
855,México,Probablemente sí,México,Una selección nacional,Descuento directo,Sí,No
856,Portugal,Probablemente sí,Portugal,Un jugador famoso,Producto gratis,Sí,Sí
857,Francia,Tal vez,Argentina,Un jugador famoso,Descuento directo,Sí,No
858,Uruguay,Tal vez,Estados Unidos,Humor,2x1,No,No
859,Marruecos,Probablemente no,No especificado,Historias de aficionados,Tarjetas coleccionables,Sí,No
860,Brasil,Tal vez,Alemania,Un jugador famoso,2x1,Sí,Sí
861,Colombia,Definitivamente sí, BRASIL ,Una selección nacional,Tarjetas coleccionables,Sí,No
862,Senegal,Probablemente sí,Colombia,Un jugador famoso,Producto gratis,No,Sí
863,Uruguay,Tal vez,Argentina,Historias de aficionados,Tarjetas coleccionables,Sí,Sí
864,Portugal,Tal vez,Noruega,Una selección nacional,Sorteo de viajes,Sí,Sí
865,México,Definitivamente sí,Francia,Una selección nacional,Tarjetas coleccionables,No,Sí
866,México,Definitivamente sí,Argentina,Una selección nacional,Descuento directo,Sí,Sí
867,Estados Unidos,Probablemente sí, ARGENTINA ,Premios y sorteos,2x1,Sí,No
868,Brasil,Probablemente no,Argentina,Una selección nacional,Tarjetas coleccionables,Sí,Sí
869,Argentina,Definitivamente sí, BRASIL ,Una selección nacional,2x1,Sí,Sí
870,Uruguay,Tal vez,Brasil,Humor,Sorteo de camisetas,Sí,Sí
871,Brasil,Probablemente sí,México,Un jugador famoso,Sorteo de camisetas,Sí,Sí
872,Argentina,Probablemente sí,Uzbekistán,Premios y sorteos,Sorteo de balones,Sí,Sí
873,España,Probablemente sí,Argentina,Una selección nacional,Descuento directo,Sí,Sí
874,Croacia,Probablemente sí,Suecia,Historias de aficionados,Sorteo de camisetas,Sí,Sí
875,Brasil,Tal vez,Francia,Humor,Sorteo de viajes,Sí,No
876,México,Probablemente sí,Argentina,Un jugador famoso,Sorteo de camisetas,No,No
877,Argentina,Probablemente sí,Brasil,Un jugador famoso,Producto gratis,Sí,Sí
878,Uruguay,Tal vez,Corea del Sur,Una selección nacional,2x1,Sí,Sí
879,México,Definitivamente sí,Panamá,Una selección nacional,2x1,Sí,Sí
880,Inglaterra,Tal vez, BRASIL ,Un jugador famoso,Sorteo de camisetas,Sí,Sí
881,Senegal,Tal vez,Argentina,Una selección nacional,2x1,Sí,Sí
882,Congo DR,Tal vez,Portugal,Un jugador famoso,Sorteo de camisetas,Sí,Sí
883,Estados Unidos,Tal vez,Argentina,Historias de aficionados,2x1,Sí,Sí
884,Brasil,Tal vez,Brasil,Un jugador famoso,2x1,Sí,No
885,Estados Unidos,Probablemente sí,Estados Unidos,Un jugador famoso,Sorteo de camisetas,Sí,Sí
886,Irak,Probablemente no,Alemania,Una selección nacional,Sorteo de balones,Sí,Sí
887,Brasil,Probablemente no,Portugal,Un jugador famoso,Tarjetas coleccionables,Sí,Sí
888,Argentina,Definitivamente no,México,Humor,Descuento directo,No,Sí
889,México,Probablemente sí,México,Un jugador famoso,2x1,Sí,No
890,Francia,Definitivamente sí,Argentina,Un jugador famoso,Tarjetas coleccionables,Sí,Sí
891,Brasil,Definitivamente sí,México,Humor,Sorteo de camisetas,No,No
892,Alemania,Probablemente sí,Francia,Un jugador famoso,Sorteo de camisetas,Sí,Sí
893,Inglaterra,Definitivamente sí, INGLATERRA ,Una selección nacional,Producto gratis,Sí,No
894,Ghana,Tal vez,Colombia,Un jugador famoso,Descuento directo,Sí,No
895,Portugal,Probablemente no,Brasil,Premios y sorteos,Producto gratis,Sí,Sí
896,Portugal,Definitivamente sí,México,Una selección nacional,Tarjetas coleccionables,No,Sí
897,Argentina,Tal vez,Inglaterra,Un jugador famoso,Tarjetas coleccionables,Sí,No
898,Argentina,Tal vez,Portugal,Premios y sorteos,Sorteo de camisetas,Sí,No
899,Canadá,Probablemente sí,Francia,Una selección nacional,Sorteo de camisetas,Sí,No
900,Argentina,Definitivamente sí,Inglaterra,Premios y sorteos,Tarjetas coleccionables,Sí,Sí
901,Uruguay,Definitivamente sí,Cabo Verde,Un jugador famoso,Sorteo de balones,Sí,No
902,Francia,Definitivamente no,Inglaterra,Premios y sorteos,Tarjetas coleccionables,Sí,Sí
903,Inglaterra,Tal vez,Portugal,Un jugador famoso,2x1,No,Sí
904,Portugal,Probablemente sí,Argentina,Una selección nacional,2x1,No,No
905,Estados Unidos,Probablemente sí,Argentina,Premios y sorteos,Producto gratis,Sí,No
906,Argentina,Probablemente sí,Argentina,Premios y sorteos,2x1,Sí,Sí
907,Portugal,Probablemente sí, FRANCIA ,Premios y sorteos,2x1,Sí,Sí
908,Francia,Probablemente sí,México,Un jugador famoso,2x1,No,No
909,Bosnia y Herzegovina,Probablemente sí,Bosnia y Herzegovina,Un jugador famoso,2x1,Sí,Sí
910,España,Probablemente sí,Francia,Un jugador famoso,Sorteo de camisetas,Sí,No
911,Portugal,Tal vez,Croacia,Un jugador famoso,Descuento directo,Sí,No
912,Egipto,Tal vez,Argentina,Premios y sorteos,Tarjetas coleccionables,No,No
913,España,Probablemente sí,Austria,Un jugador famoso,Tarjetas coleccionables,No,Sí
914,Uruguay,Tal vez,Argentina,Historias de aficionados,Descuento directo,Sí,No
915,México,Tal vez,Brasil,Historias de aficionados,Sorteo de viajes,No,Sí
916,Canadá,Definitivamente sí,Argentina,Un jugador famoso,Sorteo de viajes,Sí,No
917,España,Definitivamente sí,México,Premios y sorteos,Sorteo de viajes,Sí,Sí
918,Portugal,Probablemente sí,Inglaterra,Un jugador famoso,Producto gratis,Sí,Sí
919,Brasil,Definitivamente sí,Francia,Una selección nacional,2x1,Sí,Sí
920,Costa de Marfil,Definitivamente sí,México,Un jugador famoso,2x1,No,Sí
921,Argentina,Probablemente sí,Argentina,Historias de aficionados,Sorteo de balones,Sí,Sí
922,Portugal,Definitivamente sí,Argelia,Un jugador famoso,Sorteo de camisetas,Sí,Sí
923,Portugal,Definitivamente sí,Brasil,Una selección nacional,Sorteo de camisetas,Sí,No
924,Brasil,Tal vez,México,Premios y sorteos,Sorteo de viajes,Sí,Sí
925,Argentina,Tal vez,Inglaterra,Un jugador famoso,Producto gratis,No,Sí
926,Francia,Definitivamente sí,Francia,Una selección nacional,Sorteo de viajes,Sí,Sí
927,Francia,Probablemente sí,Estados Unidos,Humor,2x1,Sí,Sí
928,Arabia Saudita,Probablemente sí,Portugal,Un jugador famoso,Sorteo de viajes,Sí,No
929,Argentina,Tal vez,Argentina,Un jugador famoso,2x1,Sí,Sí
930,México,Definitivamente sí,Cabo Verde,Humor,2x1,Sí,Sí
931,Argentina,Probablemente sí,Uruguay,Premios y sorteos,Sorteo de camisetas,No,No
932,Argentina,Tal vez,Brasil,Humor,2x1,Sí,Sí
933,Argentina,Probablemente sí,Inglaterra,Un jugador famoso,Descuento directo,No,No
934,Argentina,Probablemente sí,Brasil,Una selección nacional,2x1,Sí,Sí
935,España,Probablemente sí,Francia,Un jugador famoso,Descuento directo,Sí,Sí
936,México,Definitivamente sí,Argentina,Historias de aficionados,Sorteo de camisetas,Sí,No
937,México,Definitivamente sí,Argentina,Un jugador famoso,Sorteo de balones,Sí,Sí
938,Francia,Tal vez,Argentina,Una selección nacional,Sorteo de camisetas,Sí,No
939,Portugal,Definitivamente sí,Argentina,Humor,Sorteo de camisetas,Sí,No
940,Inglaterra,Probablemente sí,Estados Unidos,Una selección nacional,Tarjetas coleccionables,Sí,No
941,Argentina,Definitivamente sí,Argentina,Una selección nacional,2x1,Sí,Sí
942,Francia,Probablemente sí,Brasil,Una selección nacional,Sorteo de balones,Sí,Sí
943,México,Definitivamente sí,Argentina,Un jugador famoso,Sorteo de viajes,No,Sí
944,Alemania,Definitivamente no,España,Premios y sorteos,Descuento directo,Sí,Sí
945,Argentina,Definitivamente sí,Brasil,Un jugador famoso,Sorteo de camisetas,Sí,Sí
946,Brasil,Definitivamente no,Argentina,Premios y sorteos,Descuento directo,No,Sí
947,México,Probablemente sí,Brasil,Historias de aficionados,Producto gratis,Sí,No
948,España,Tal vez,Portugal,Un jugador famoso,Descuento directo,Sí,No
949,Portugal,Probablemente sí,Portugal,Un jugador famoso,2x1,Sí,Sí
950,Argentina,Definitivamente sí,South Africa,Premios y sorteos,Tarjetas coleccionables,Sí,Sí
951,Francia,Definitivamente sí,México,Historias de aficionados,Producto gratis,Sí,No
952,México,Definitivamente sí,Uruguay,Una selección nacional,Descuento directo,Sí,Sí
953,Brasil,Tal vez,Argentina,Un jugador famoso,Sorteo de camisetas,Sí,No
954,Panamá,Probablemente sí,Congo DR,Historias de aficionados,2x1,Sí,No
955,Francia,Probablemente sí,Brasil,Historias de aficionados,Descuento directo,Sí,No
956,Uruguay,Probablemente sí,Colombia,Una selección nacional,Sorteo de camisetas,Sí,Sí
957,Türkiye,Probablemente sí,Portugal,Un jugador famoso,Sorteo de camisetas,Sí,Sí
958,Portugal,Probablemente sí,Portugal,Un jugador famoso,Producto gratis,No,Sí
959,Estados Unidos,Tal vez,España,Historias de aficionados,Tarjetas coleccionables,Sí,Sí
960,Alemania,Probablemente sí, ALEMANIA ,Un jugador famoso,2x1,Sí,Sí
961,Bélgica,Tal vez,Brasil,Premios y sorteos,Tarjetas coleccionables,Sí,No
962,Brasil,Tal vez,Brasil,Una selección nacional,Tarjetas coleccionables,Sí,Sí
963,Argentina,Tal vez,Estados Unidos,Un jugador famoso,Tarjetas coleccionables,Sí,Sí
964,Uruguay,Probablemente sí,Argentina,Humor,Descuento directo,No,Sí
965,Portugal,Probablemente sí,Inglaterra,Humor,Sorteo de camisetas,Sí,Sí
966,México,Definitivamente sí, ESTADOS UNIDOS ,Humor,2x1,Sí,Sí
967,Brasil,Probablemente sí,Brasil,Un jugador famoso,Sorteo de camisetas,Sí,No
968,México,Definitivamente sí,Bosnia y Herzegovina,Un jugador famoso,Sorteo de viajes,Sí,No
969,Irán,Probablemente no,Francia,Un jugador famoso,Descuento directo,No,Sí
970,España,Definitivamente sí,Alemania,Un jugador famoso,Descuento directo,Sí,No
971,México,Probablemente sí,Francia,Humor,Descuento directo,Sí,No
972,Congo DR,Definitivamente sí,Argentina,Un jugador famoso,2x1,Sí,Sí
973,Brasil,Probablemente no,México,Un jugador famoso,Sorteo de camisetas,Sí,No
974,México,Probablemente sí,Francia,Un jugador famoso,Sorteo de camisetas,Sí,No
975,Brasil,Probablemente no,Paraguay,Un jugador famoso,Tarjetas coleccionables,Sí,No
976,Portugal,Probablemente sí,Argentina,Premios y sorteos,Sorteo de balones,Sí,No
977,Argentina,Definitivamente sí,Uruguay,Una selección nacional,Tarjetas coleccionables,Sí,Sí
978,Uruguay,Definitivamente sí,Brasil,Una selección nacional,Descuento directo,No,No
979,Alemania,Definitivamente sí,Argentina,Una selección nacional,Descuento directo,Sí,No
980,Inglaterra,Probablemente no,Alemania,Una selección nacional,Tarjetas coleccionables,Sí,No
981,Argentina,Tal vez,Portugal,Humor,Tarjetas coleccionables,Sí,Sí
982,España,Probablemente sí,Países Bajos,Una selección nacional,Descuento directo,Sí,Sí
983, CANADÁ ,Probablemente sí,Francia,Premios y sorteos,2x1,Sí,Sí
984,México,Definitivamente sí,Inglaterra,Un jugador famoso,Descuento directo,Sí,No
985,Inglaterra,Probablemente sí,Portugal,Humor,Sorteo de camisetas,No,Sí
986,Portugal,Tal vez,Inglaterra,Premios y sorteos,Sorteo de balones,Sí,No
987,Brasil,Probablemente sí,Brasil,Un jugador famoso,Tarjetas coleccionables,Sí,No
988,Uruguay,Probablemente sí,Argentina,Un jugador famoso,Descuento directo,Sí,No
989,Estados Unidos,Definitivamente no,Uruguay,Premios y sorteos,Descuento directo,Sí,No
990,Francia,Tal vez,Portugal,Una selección nacional,Tarjetas coleccionables,No,No
991,Alemania,Tal vez,Argentina,Una selección nacional,Descuento directo,Sí,Sí
992,Brasil,Probablemente sí,Inglaterra,Un jugador famoso,Sorteo de viajes,Sí,No
993,Argentina,Definitivamente sí,Brasil,Humor,Producto gratis,Sí,Sí
994,Argentina,Probablemente sí,Argentina,Premios y sorteos,Sorteo de camisetas,Sí,Sí
995,Argentina,Definitivamente sí,Argentina,Una selección nacional,Descuento directo,Sí,No
996,España,Definitivamente sí,Francia,Un jugador famoso,Producto gratis,Sí,Sí
997, ALEMANIA ,Tal vez,Brasil,Historias de aficionados,Sorteo de camisetas,Sí,No
998,Brasil,Probablemente sí,Brasil,Una selección nacional,Producto gratis,Sí,No
999,Inglaterra,Definitivamente sí,México,Historias de aficionados,Sorteo de camisetas,Sí,Sí
1000,Portugal,Definitivamente sí,Estados Unidos,Historias de aficionados,2x1,Sí,No
1001,Francia,Probablemente sí,Canadá,Una selección nacional,Producto gratis,Sí,No
1002,Inglaterra,Tal vez,Inglaterra,Una selección nacional,Producto gratis,Sí,Sí
1003,Alemania,Tal vez,Brasil,Una selección nacional,Descuento directo,Sí,Sí
1004,México,Tal vez,Uruguay,Una selección nacional,Sorteo de camisetas,Sí,Sí
1005,México,Tal vez,Estados Unidos,Una selección nacional,Descuento directo,Sí,No
1006,Estados Unidos,Tal vez,Brasil,Una selección nacional,2x1,Sí,No
1007,Nueva Zelanda,Definitivamente sí,Inglaterra,Premios y sorteos,Producto gratis,Sí,Sí
1008,España,Definitivamente sí,Inglaterra,Un jugador famoso,2x1,Sí,Sí
1009,Brasil,Probablemente no,Francia,Una selección nacional,Sorteo de camisetas,Sí,No
1010,Brasil,Probablemente sí,Argentina,Humor,Tarjetas coleccionables,Sí,Sí
1011,Alemania,Probablemente sí,Brasil,Premios y sorteos,2x1,Sí,Sí
1012,México,Tal vez,España,Una selección nacional,2x1,Sí,No
1013,Argentina,Tal vez,Portugal,Un jugador famoso,Tarjetas coleccionables,Sí,No
1014,México,Definitivamente sí,Francia,Un jugador famoso,Descuento directo,Sí,Sí
1015,Inglaterra,Definitivamente sí,Brasil,Un jugador famoso,Sorteo de balones,Sí,Sí
1016,Brasil,Probablemente sí,Argentina,Premios y sorteos,Tarjetas coleccionables,Sí,Sí
1017,Alemania,Definitivamente sí,México,Historias de aficionados,Descuento directo,Sí,No
1018,Brasil,Tal vez,Colombia,Premios y sorteos,Sorteo de camisetas,Sí,No
1019,Alemania,Definitivamente no,Estados Unidos,Una selección nacional,Producto gratis,No,No
1020, ESPAÑA ,Probablemente sí,Argentina,Humor,Sorteo de balones,Sí,No
1021,Brasil,Tal vez,Argentina,Humor,Sorteo de balones,Sí,Sí
1022,Brasil,Definitivamente sí,México,Un jugador famoso,Tarjetas coleccionables,No,Sí
1023,Canadá,Probablemente sí,Portugal,Un jugador famoso,2x1,Sí,No
1024,México,Tal vez,Francia,Una selección nacional,Sorteo de viajes,Sí,Sí
1025,México,Definitivamente no,México,Una selección nacional,2x1,Sí,Sí
1026,Inglaterra,Tal vez,Argentina,Premios y sorteos,Tarjetas coleccionables,Sí,No
1027,Portugal,Definitivamente sí,Argentina,Historias de aficionados,2x1,Sí,Sí
1028,Argentina,Probablemente no,Argentina,Una selección nacional,2x1,No,Sí
1029,Brasil,Tal vez,Francia,Humor,Sorteo de camisetas,Sí,Sí
1030,México,Probablemente sí,Estados Unidos,Premios y sorteos,Descuento directo,Sí,Sí
1031,Portugal,Definitivamente no,Brasil,Un jugador famoso,2x1,Sí,Sí
1032,Inglaterra,Probablemente sí,España,Historias de aficionados,Descuento directo,Sí,No
1033,Alemania,Probablemente sí,Argentina,Una selección nacional,Descuento directo,Sí,No
1034,Estados Unidos,Definitivamente sí,Francia,Premios y sorteos,Descuento directo,Sí,Sí
1035,Brasil,Probablemente no,Argelia,Premios y sorteos,Tarjetas coleccionables,Sí,No
1036,Argentina,Tal vez,Argentina,Premios y sorteos,2x1,Sí,Sí
1037, ARGENTINA ,Probablemente sí,Brasil,Historias de aficionados,Descuento directo,No,No
1038,Brasil,Tal vez,España,Una selección nacional,Sorteo de camisetas,Sí,No
1039,Brasil,Definitivamente sí,Czechia,Un jugador famoso,Descuento directo,Sí,Sí
1040,Francia,Tal vez,Portugal,Una selección nacional,Descuento directo,Sí,No
1041,Argentina,Tal vez,Jordania,Humor,Producto gratis,Sí,No
1042,Portugal,Probablemente no,Argentina,Premios y sorteos,Sorteo de camisetas,Sí,Sí
1043,Brasil,Tal vez,España,Una selección nacional,Descuento directo,No,No
1044,Francia,Tal vez,Argentina,Historias de aficionados,2x1,Sí,Sí
1045,Brasil,Probablemente sí,México,Premios y sorteos,2x1,No,Sí
1046,México,Tal vez,Argentina,Historias de aficionados,Sorteo de balones,Sí,No
1047,Brasil,Probablemente no,Brasil,Una selección nacional,Sorteo de balones,Sí,Sí
1048,Francia,Definitivamente no,Portugal,Humor,Producto gratis,Sí,Sí
1049,Francia,Definitivamente no,Brasil,Un jugador famoso,Sorteo de balones,Sí,Sí
1050,Inglaterra,Probablemente sí,Brasil,Un jugador famoso,Descuento directo,Sí,Sí
1051,México,Probablemente sí,México,Humor,2x1,Sí,Sí
1052,Portugal,Tal vez,Brasil,Historias de aficionados,Sorteo de camisetas,Sí,Sí
1053,Argentina,Probablemente sí,Estados Unidos,Un jugador famoso,Tarjetas coleccionables,Sí,Sí
1054,Brasil,Definitivamente no,Portugal,Premios y sorteos,Producto gratis,Sí,Sí
1055,Argentina,Definitivamente no,Estados Unidos,Una selección nacional,Tarjetas coleccionables,Sí,Sí
1056,Brasil,Tal vez, INGLATERRA ,Una selección nacional,Descuento directo,Sí,Sí
1057,Portugal,Probablemente no,Brasil,Una selección nacional,Producto gratis,No,Sí
1058,Francia,Probablemente sí,Francia,Una selección nacional,Tarjetas coleccionables,No,Sí
1059,Portugal,Definitivamente sí,Argentina,Un jugador famoso,2x1,Sí,No
1060,Alemania,Probablemente sí,España,Una selección nacional,Descuento directo,Sí,No
1061,Japón,Probablemente sí,Brasil,Humor,Tarjetas coleccionables,Sí,Sí
1062,México,Tal vez,Brasil,Una selección nacional,Sorteo de viajes,Sí,No
1063,Brasil,Probablemente sí, CROACIA ,Una selección nacional,Descuento directo,No,Sí
1064,Argentina,Probablemente sí,Argentina,Un jugador famoso,Tarjetas coleccionables,Sí,No
1065,Francia,Probablemente sí,Argentina,Historias de aficionados,2x1,Sí,Sí
1066,Brasil,Tal vez,España,Humor,Sorteo de camisetas,Sí,No
1067,Argentina,Tal vez,México,Una selección nacional,Sorteo de viajes,Sí,No
1068,Portugal,Definitivamente sí,Brasil,Premios y sorteos,Sorteo de viajes,Sí,Sí
1069,México,Tal vez,Argentina,Un jugador famoso,Producto gratis,Sí,No
1070,Portugal,Tal vez,México,Un jugador famoso,Tarjetas coleccionables,Sí,No
1071,Brasil,Definitivamente sí,Estados Unidos,Una selección nacional,Producto gratis,Sí,Sí
1072,Alemania,Tal vez,Francia,Humor,Tarjetas coleccionables,Sí,No
1073,Portugal,Probablemente sí,Argentina,Premios y sorteos,Tarjetas coleccionables,Sí,Sí
1074,Argentina,Probablemente sí,Inglaterra,Premios y sorteos,Sorteo de balones,Sí,No
1075,Brasil,Definitivamente sí,Brasil,Un jugador famoso,2x1,Sí,No
1076,Brasil,Tal vez,México,Humor,Descuento directo,No,Sí
1077,Brasil,Probablemente sí,Francia,Un jugador famoso,Producto gratis,Sí,Sí
1078, CURAÇAO ,Tal vez,Brasil,Humor,Sorteo de camisetas,Sí,No
1079,México,Probablemente sí,México,Humor,Tarjetas coleccionables,Sí,Sí
1080,México,Definitivamente sí,México,Historias de aficionados,Descuento directo,Sí,No
1081, FRANCIA ,Tal vez,Inglaterra,Premios y sorteos,Sorteo de camisetas,Sí,No
1082,Estados Unidos,Probablemente sí,Francia,Una selección nacional,2x1,Sí,No
1083,Portugal,Tal vez,España,Humor,Descuento directo,No,Sí
1084,España,Tal vez,Estados Unidos,Humor,Descuento directo,Sí,No
1085,Francia,Probablemente no,Portugal,Humor,Tarjetas coleccionables,No,No
1086,Argentina,Probablemente sí,Colombia,Un jugador famoso,Sorteo de camisetas,Sí,No
1087,Francia,Definitivamente no,Estados Unidos,Premios y sorteos,Sorteo de viajes,Sí,Sí
1088,España,Definitivamente sí, PORTUGAL ,Historias de aficionados,2x1,Sí,No
1089,Estados Unidos,Definitivamente sí,Argentina,Un jugador famoso,2x1,Sí,No
1090,Senegal,Definitivamente sí,España,Humor,Sorteo de viajes,Sí,No
1091,España,Tal vez,México,Premios y sorteos,Descuento directo,No,No
1092,Brasil,Probablemente sí,Francia,Una selección nacional,Sorteo de camisetas,Sí,Sí
1093,España,Tal vez,Inglaterra,Una selección nacional,Producto gratis,Sí,Sí
1094,Escocia,Definitivamente sí,México,Premios y sorteos,Descuento directo,Sí,No
1095,Brasil,Definitivamente sí,No especificado,Un jugador famoso,2x1,Sí,No
1096,España,Probablemente sí,Brasil,Una selección nacional,Sorteo de viajes,Sí,Sí
1097,Argentina,Tal vez,Portugal,Premios y sorteos,2x1,No,Sí
1098,Argentina,Probablemente sí,Brasil,Humor,2x1,Sí,Sí
1099,Curaçao,Definitivamente sí,México,Premios y sorteos,2x1,No,Sí
1100,Inglaterra,Probablemente sí,Jordania,Un jugador famoso,Descuento directo,Sí,No
1101,Portugal,Probablemente sí,Brasil,Una selección nacional,Tarjetas coleccionables,Sí,Sí
1102,Argentina,Tal vez,Argentina,Una selección nacional,Sorteo de balones,No,Sí
1103,España,Probablemente sí,Argentina,Premios y sorteos,Sorteo de camisetas,Sí,Sí
1104,México,Definitivamente no,Francia,Una selección nacional,Descuento directo,Sí,No
1105,Canadá,Probablemente sí,España,Humor,Tarjetas coleccionables,Sí,Sí
1106,Argentina,Definitivamente sí,Inglaterra,Humor,Descuento directo,Sí,No
1107,Argentina,Probablemente sí,Brasil,Humor,2x1,Sí,No
1108,Francia,Tal vez,Argentina,Un jugador famoso,Tarjetas coleccionables,Sí,No
1109,México,Definitivamente sí,Portugal,Humor,Descuento directo,Sí,Sí
1110,Portugal,Definitivamente sí,Portugal,Historias de aficionados,Producto gratis,Sí,No
1111,Francia,Tal vez,España,Premios y sorteos,Descuento directo,Sí,Sí
1112,Francia,Probablemente sí,Argentina,Premios y sorteos,2x1,Sí,No
1113,Brasil,Tal vez,España,Una selección nacional,Producto gratis,Sí,No
1114,Inglaterra,Probablemente sí,Argentina,Una selección nacional,2x1,No,Sí
1115,Francia,Tal vez,Suiza,Un jugador famoso,Sorteo de camisetas,Sí,No
1116,Portugal,Probablemente sí,Marruecos,Una selección nacional,2x1,Sí,Sí
1117,Francia,Tal vez,Brasil,Un jugador famoso,Sorteo de camisetas,Sí,No
1118,Brasil,Probablemente sí,España,Humor,Descuento directo,Sí,Sí
1119,Brasil,Tal vez,México,Un jugador famoso,Descuento directo,Sí,Sí
1120,México,Tal vez,Argentina,Humor,Tarjetas coleccionables,Sí,No
1121,Brasil,Tal vez, MÉXICO ,Una selección nacional,Descuento directo,Sí,Sí
1122, MÉXICO ,Probablemente no,México,Una selección nacional,2x1,Sí,No
1123,México,Definitivamente sí,España,Una selección nacional,Sorteo de camisetas,Sí,Sí
1124,Brasil,Probablemente sí,Francia,Un jugador famoso,2x1,Sí,Sí
1125,México,Probablemente sí,Inglaterra,Historias de aficionados,Producto gratis,Sí,Sí
1126,Francia,Probablemente sí,Estados Unidos,Premios y sorteos,2x1,Sí,No
1127,Argentina,Definitivamente sí,Brasil,Una selección nacional,2x1,Sí,Sí
1128, ARGENTINA ,Definitivamente sí,No especificado,Una selección nacional,Descuento directo,Sí,No
1129, FRANCIA ,Definitivamente sí,Argentina,Una selección nacional,2x1,Sí,Sí
1130,Estados Unidos,Probablemente no,Portugal,Humor,Descuento directo,Sí,Sí
1131,Ghana,Definitivamente sí,Portugal,Un jugador famoso,Producto gratis,Sí,Sí
1132,Francia,Definitivamente no,Uruguay,Una selección nacional,Descuento directo,Sí,Sí
1133,Argentina,Definitivamente sí,Colombia,Una selección nacional,Sorteo de viajes,Sí,No
1134,Colombia,Tal vez,Alemania,Una selección nacional,2x1,Sí,Sí
1135,Argentina,Probablemente sí,Brasil,Premios y sorteos,Sorteo de balones,Sí,Sí
1136,Portugal,Probablemente sí,Australia,Un jugador famoso,Tarjetas coleccionables,Sí,Sí
1137,México,Definitivamente sí,Alemania,Un jugador famoso,Descuento directo,Sí,Sí
1138,Francia,Tal vez,México,Premios y sorteos,2x1,Sí,Sí
1139,Irak,Tal vez,Argentina,Una selección nacional,Descuento directo,Sí,Sí
1140,Escocia,Definitivamente sí,Argentina,Una selección nacional,2x1,Sí,Sí
1141,Brasil,Probablemente sí,Argentina,Una selección nacional,Tarjetas coleccionables,Sí,Sí
1142,Portugal,Definitivamente sí,México,Un jugador famoso,2x1,Sí,No
1143,Francia,Tal vez,Colombia,Premios y sorteos,2x1,Sí,No
1144,Portugal,Probablemente sí,Argentina,Un jugador famoso,2x1,Sí,Sí
1145,Brasil,Probablemente sí,Colombia,Historias de aficionados,Producto gratis,Sí,No
1146,Brasil,Probablemente no,Argentina,Un jugador famoso,Producto gratis,Sí,No
1147, PORTUGAL ,Tal vez,Argentina,Un jugador famoso,Descuento directo,Sí,Sí
1148,Francia,Probablemente sí,Francia,Un jugador famoso,Descuento directo,Sí,No
1149,Alemania,Probablemente sí,Francia,Historias de aficionados,Sorteo de viajes,Sí,No
1150, BÉLGICA ,Definitivamente sí,Argentina,Un jugador famoso,Descuento directo,Sí,Sí
1151,Argentina,Definitivamente sí,Brasil,Historias de aficionados,Sorteo de viajes,Sí,No
1152,Argentina,Tal vez,Brasil,Un jugador famoso,Tarjetas coleccionables,Sí,No
1153,Argentina,Tal vez,México,Una selección nacional,Sorteo de camisetas,Sí,Sí
1154,Portugal,Probablemente sí,Estados Unidos,Un jugador famoso,2x1,Sí,No
1155,Inglaterra,Tal vez,Portugal,Un jugador famoso,Descuento directo,Sí,No
1156,México,Tal vez,Argentina,Premios y sorteos,Sorteo de viajes,Sí,Sí
1157,Estados Unidos,Tal vez,Inglaterra,Historias de aficionados,Tarjetas coleccionables,Sí,Sí
1158,Brasil,Definitivamente sí,Brasil,Premios y sorteos,Producto gratis,Sí,Sí
1159,Uruguay,Tal vez,Argentina,Humor,Descuento directo,Sí,Sí
1160,Inglaterra,Probablemente sí, MÉXICO ,Una selección nacional,Sorteo de viajes,Sí,Sí
1161,Alemania,Probablemente sí,Argentina,Historias de aficionados,Tarjetas coleccionables,Sí,Sí
1162,Alemania,Probablemente sí,México,Humor,2x1,No,Sí
1163,Inglaterra,Probablemente sí,España,Premios y sorteos,Descuento directo,Sí,No
1164,Argelia,Probablemente sí,Portugal,Historias de aficionados,Sorteo de viajes,Sí,Sí
1165,Francia,Probablemente sí,Brasil,Un jugador famoso,Sorteo de viajes,No,Sí
1166, ARGENTINA ,Probablemente sí,Francia,Una selección nacional,2x1,Sí,Sí
1167,Argentina,Tal vez,Francia,Historias de aficionados,Tarjetas coleccionables,Sí,Sí
1168,Uruguay,Tal vez,Portugal,Historias de aficionados,Tarjetas coleccionables,Sí,Sí
1169,México,Tal vez,Estados Unidos,Historias de aficionados,Producto gratis,Sí,Sí
1170,España,Probablemente no,Argentina,Humor,Tarjetas coleccionables,No,No
1171,Brasil,Definitivamente no,Brasil,Humor,Producto gratis,Sí,Sí
1172,Argentina,Tal vez,Alemania,Premios y sorteos,Sorteo de camisetas,Sí,Sí
1173,Francia,Tal vez,Francia,Una selección nacional,2x1,Sí,Sí
1174,Túnez,Definitivamente sí,Uruguay,Historias de aficionados,Producto gratis,Sí,Sí
1175,Argentina,Probablemente sí,Brasil,Una selección nacional,Tarjetas coleccionables,Sí,No
1176,Brasil,Probablemente no,Uruguay,Un jugador famoso,Descuento directo,Sí,Sí
1177,Brasil,Tal vez,España,Humor,Sorteo de viajes,Sí,Sí
1178,Brasil,Tal vez,México,Historias de aficionados,Sorteo de viajes,Sí,Sí
1179,México,Tal vez,Uruguay,Un jugador famoso,Descuento directo,Sí,No
1180,Argentina,Probablemente sí,España,Historias de aficionados,Tarjetas coleccionables,Sí,No
1181,Argentina,Tal vez,Portugal,Un jugador famoso,2x1,Sí,No
1182,México,Tal vez,Francia,Premios y sorteos,Producto gratis,No,Sí
1183,Irán,Tal vez,Portugal,Historias de aficionados,Tarjetas coleccionables,Sí,No
1184,Estados Unidos,Definitivamente sí,Argentina,Una selección nacional,2x1,Sí,Sí
1185,Portugal,Tal vez,Argentina,Una selección nacional,2x1,Sí,Sí
1186,Alemania,Definitivamente sí,Francia,Humor,Producto gratis,Sí,No
1187,Inglaterra,Tal vez, BRASIL ,Una selección nacional,Sorteo de balones,Sí,Sí
1188,Portugal,Definitivamente sí,Argentina,Premios y sorteos,Tarjetas coleccionables,Sí,No
1189,Brasil,Definitivamente sí,Inglaterra,Historias de aficionados,Tarjetas coleccionables,No,Sí
1190,Portugal,Probablemente sí,México,Humor,Descuento directo,Sí,Sí
1191,Brasil,Probablemente sí,Inglaterra,Un jugador famoso,Descuento directo,No,No
1192,Portugal,Tal vez,Inglaterra,Un jugador famoso,Producto gratis,Sí,Sí
1193,Brasil,Definitivamente sí,Portugal,Una selección nacional,Descuento directo,Sí,No
1194,Brasil,Probablemente no,Argentina,Humor,Tarjetas coleccionables,No,Sí
1195,Brasil,Probablemente no,Argentina,Una selección nacional,Sorteo de camisetas,Sí,No
1196,México,Tal vez,Brasil,Un jugador famoso,Producto gratis,Sí,Sí
1197,Portugal,Tal vez,Brasil,Una selección nacional,Sorteo de viajes,No,Sí
1198,Argentina,Definitivamente sí, MÉXICO ,Humor,Sorteo de camisetas,Sí,Sí
1199,Portugal,Definitivamente sí,Brasil,Historias de aficionados,2x1,Sí,Sí
1200,Argentina,Definitivamente sí,Panamá,Historias de aficionados,Producto gratis,Sí,Sí
1201,México,Probablemente no,Alemania,Una selección nacional,Sorteo de balones,No,No
1202,Argentina,Probablemente no,Brasil,Un jugador famoso,Sorteo de viajes,No,Sí
1203,Brasil,Probablemente sí,Alemania,Una selección nacional,Descuento directo,Sí,Sí
1204,Uruguay,Definitivamente sí,México,Una selección nacional,2x1,Sí,Sí
1205,Colombia,Definitivamente no,Francia,Una selección nacional,Tarjetas coleccionables,No,Sí
1206,Brasil,Probablemente sí,Estados Unidos,Un jugador famoso,Tarjetas coleccionables,Sí,Sí
1207, ARABIA SAUDITA ,Probablemente sí,Alemania,Premios y sorteos,Producto gratis,Sí,No
1208,México,Probablemente sí,Colombia,Humor,2x1,Sí,No
1209,Alemania,Definitivamente no, ALEMANIA ,Un jugador famoso,2x1,Sí,No
1210,Corea del Sur,Definitivamente sí,Irak,Premios y sorteos,Sorteo de balones,Sí,No
1211,Argentina,Definitivamente sí,Inglaterra,Un jugador famoso,Descuento directo,Sí,Sí
1212,Alemania,Tal vez,Alemania,Una selección nacional,Tarjetas coleccionables,Sí,No
1213,Alemania,Probablemente sí,México,Un jugador famoso,Sorteo de camisetas,Sí,No
1214,Brasil,Tal vez, ARGENTINA ,Premios y sorteos,Producto gratis,Sí,Sí
1215,Brasil,Tal vez,Brasil,Premios y sorteos,Sorteo de viajes,Sí,Sí
1216,Ecuador,Definitivamente sí,México,Un jugador famoso,Sorteo de viajes,Sí,No
1217,Irak,Probablemente no,Inglaterra,Historias de aficionados,Sorteo de balones,No,Sí
1218,México,Probablemente sí,Inglaterra,Una selección nacional,Sorteo de camisetas,Sí,No
1219,Portugal,Tal vez,Alemania,Historias de aficionados,Descuento directo,Sí,Sí
1220,México,Definitivamente sí,España,Un jugador famoso,2x1,Sí,Sí
1221,México,Tal vez,Brasil,Humor,2x1,Sí,No
1222,México,Definitivamente no,Túnez,Una selección nacional,Sorteo de balones,Sí,Sí
1223,Portugal,Definitivamente sí,Inglaterra,Un jugador famoso,Sorteo de balones,Sí,Sí
1224,Francia,Definitivamente no,Brasil,Historias de aficionados,Descuento directo,Sí,No
1225, MÉXICO ,Probablemente sí,Portugal,Historias de aficionados,Descuento directo,Sí,Sí
1226,Argentina,Definitivamente sí,Colombia,Premios y sorteos,Descuento directo,Sí,Sí
1227,Alemania,Probablemente sí, FRANCIA ,Humor,Tarjetas coleccionables,Sí,Sí
1228,Brasil,Probablemente sí,Brasil,Historias de aficionados,Producto gratis,Sí,No
1229,España,Tal vez,Brasil,Una selección nacional,Tarjetas coleccionables,Sí,Sí
1230,Türkiye,Definitivamente sí,Brasil,Humor,Tarjetas coleccionables,No,Sí
1231,Irán,Tal vez, URUGUAY ,Historias de aficionados,Sorteo de camisetas,Sí,Sí
1232,Uruguay,Probablemente sí,España,Historias de aficionados,2x1,Sí,Sí
1233,México,Probablemente sí,Argentina,Una selección nacional,2x1,No,Sí
1234,Alemania,Tal vez,Portugal,Un jugador famoso,Descuento directo,Sí,Sí
1235,España,Definitivamente sí,México,Un jugador famoso,2x1,Sí,Sí
1236,Portugal,Probablemente sí,Argentina,Humor,Tarjetas coleccionables,Sí,Sí
1237,Argentina,Probablemente sí,Argentina,Un jugador famoso,Descuento directo,Sí,No
1238,España,Definitivamente sí, PORTUGAL ,Historias de aficionados,Descuento directo,Sí,Sí
1239,Brasil,Definitivamente sí,Francia,Una selección nacional,Sorteo de viajes,Sí,No
1240,Colombia,Probablemente no,Brasil,Un jugador famoso,2x1,Sí,No
1241,Alemania,Probablemente sí,Argentina,Premios y sorteos,Sorteo de camisetas,Sí,Sí
1242,Francia,Probablemente no,Argentina,Un jugador famoso,Sorteo de viajes,Sí,Sí
1243, BRASIL ,Definitivamente sí,Francia,Humor,Sorteo de balones,Sí,Sí
1244, MÉXICO ,Probablemente sí,Argentina,Una selección nacional,2x1,Sí,Sí
1245,Costa de Marfil,Definitivamente sí,Francia,Humor,Producto gratis,Sí,Sí
1246,Estados Unidos,Probablemente sí,Argentina,Un jugador famoso,Sorteo de balones,Sí,Sí
1247,Uruguay,Probablemente sí,Brasil,Premios y sorteos,Tarjetas coleccionables,Sí,No
1248,México,Definitivamente sí,Argentina,Humor,2x1,Sí,Sí
1249,Argentina,Definitivamente no,Estados Unidos,Historias de aficionados,2x1,Sí,No
1250,Portugal,Probablemente sí,Uruguay,Premios y sorteos,Sorteo de balones,Sí,Sí
1251,Brasil,Probablemente sí, ESPAÑA ,Una selección nacional,Sorteo de camisetas,Sí,Sí
1252,Argentina,Tal vez,Portugal,Una selección nacional,Sorteo de camisetas,Sí,Sí
1253,Francia,Definitivamente sí,Inglaterra,Premios y sorteos,Producto gratis,Sí,No
1254,Francia,Definitivamente sí,Estados Unidos,Una selección nacional,2x1,Sí,Sí
1255,Argentina,Probablemente sí,Alemania,Una selección nacional,Descuento directo,Sí,Sí
1256,Brasil,Probablemente sí,Brasil,Premios y sorteos,Tarjetas coleccionables,Sí,No
1257,México,Definitivamente sí,México,Una selección nacional,2x1,Sí,Sí
1258,Brasil,Tal vez, BRASIL ,Un jugador famoso,2x1,Sí,No
1259,Argentina,Probablemente sí,Brasil,Una selección nacional,Descuento directo,Sí,No
1260,Francia,Probablemente sí,México,Humor,Descuento directo,Sí,Sí
1261, BRASIL ,Definitivamente sí,Francia,Premios y sorteos,Descuento directo,Sí,Sí
1262,Portugal,Tal vez,Colombia,Una selección nacional,Descuento directo,Sí,Sí
1263,Portugal,Probablemente sí,Brasil,Historias de aficionados,Sorteo de camisetas,Sí,Sí
1264,Egipto,Definitivamente no, BRASIL ,Humor,Descuento directo,No,Sí
1265,Alemania,Probablemente sí,México,Humor,Sorteo de camisetas,Sí,Sí
1266,España,Probablemente no,Brasil,Una selección nacional,Producto gratis,Sí,Sí
1267,Estados Unidos,Definitivamente sí,Francia,Premios y sorteos,Producto gratis,Sí,Sí
1268,Inglaterra,Definitivamente no,Brasil,Historias de aficionados,Descuento directo,Sí,No
1269,Portugal,Definitivamente sí,Argentina,Humor,Descuento directo,Sí,Sí
1270,Argentina,Definitivamente sí,Argentina,Premios y sorteos,2x1,Sí,No
1271,España,Definitivamente sí,Argentina,Historias de aficionados,Sorteo de viajes,Sí,Sí
1272,Inglaterra,Definitivamente no,Inglaterra,Una selección nacional,2x1,Sí,No
1273,España,Definitivamente no,Argentina,Un jugador famoso,Sorteo de camisetas,No,No
1274,Argentina,Probablemente sí,Brasil,Una selección nacional,Tarjetas coleccionables,No,Sí
1275,Ghana,Definitivamente sí,Alemania,Humor,Producto gratis,Sí,No
1276,Argentina,Probablemente sí,Argentina,Historias de aficionados,Sorteo de viajes,Sí,Sí
1277,Brasil,Definitivamente sí,Congo DR,Historias de aficionados,Descuento directo,Sí,Sí
1278,Argentina,Probablemente sí,Argentina,Premios y sorteos,Descuento directo,Sí,No
1279,España,Probablemente no,Colombia,Premios y sorteos,Descuento directo,Sí,No
1280,México,Probablemente sí,Francia,Historias de aficionados,2x1,Sí,Sí
1281,Argelia,Definitivamente sí,México,Historias de aficionados,Sorteo de camisetas,Sí,No
1282, PORTUGAL ,Probablemente sí,Brasil,Premios y sorteos,Sorteo de camisetas,No,Sí
1283,Francia,Probablemente sí,Argentina,Premios y sorteos,Descuento directo,Sí,No
1284,Argentina,Definitivamente sí,Francia,Historias de aficionados,Descuento directo,Sí,No
1285,Brasil,Probablemente no,Paraguay,Una selección nacional,Sorteo de viajes,No,Sí
1286,Francia,Definitivamente sí,Inglaterra,Una selección nacional,2x1,Sí,Sí
1287,Brasil,Tal vez,Brasil,Una selección nacional,Producto gratis,Sí,Sí
1288,México,Tal vez, INGLATERRA ,Un jugador famoso,2x1,No,Sí
1289,Portugal,Probablemente sí,México,Una selección nacional,2x1,Sí,Sí
1290,Brasil,Definitivamente sí,Portugal,Una selección nacional,2x1,Sí,No
1291,Uruguay,Probablemente sí,Francia,Una selección nacional,Descuento directo,No,Sí
1292,España,Probablemente sí,Arabia Saudita,Premios y sorteos,Sorteo de viajes,Sí,Sí
1293,Brasil,Probablemente no,Argentina,Una selección nacional,Producto gratis,Sí,Sí
1294,Brasil,Definitivamente sí,España,Un jugador famoso,Sorteo de balones,Sí,No
1295,Portugal,Tal vez,Brasil,Un jugador famoso,Descuento directo,Sí,Sí
1296,Canadá,Tal vez,Inglaterra,Un jugador famoso,Descuento directo,Sí,Sí
1297,Brasil,Definitivamente sí,España,Un jugador famoso,Descuento directo,No,Sí
1298,Argentina,Probablemente sí,Brasil,Humor,Descuento directo,Sí,Sí
1299,Francia,Definitivamente sí,Argentina,Un jugador famoso,2x1,Sí,Sí
1300,Estados Unidos,Probablemente no,Argentina,Premios y sorteos,Descuento directo,Sí,No
1301,Francia,Definitivamente sí,México,Un jugador famoso,Producto gratis,Sí,No
1302,Estados Unidos,Definitivamente sí,Portugal,Una selección nacional,2x1,Sí,Sí
1303,Argentina,Probablemente no, ARGENTINA ,Una selección nacional,Descuento directo,Sí,Sí
1304,Inglaterra,Probablemente sí,Argentina,Una selección nacional,Descuento directo,Sí,No
1305,Portugal,Tal vez,España,Premios y sorteos,Tarjetas coleccionables,Sí,Sí
1306,Francia,Probablemente sí,Portugal,Una selección nacional,Tarjetas coleccionables,Sí,Sí
1307,Argentina,Probablemente sí,Argentina,Un jugador famoso,2x1,Sí,Sí
1308,Senegal,Definitivamente sí,México,Premios y sorteos,Producto gratis,Sí,Sí
1309,Argentina,Tal vez,Inglaterra,Una selección nacional,Descuento directo,Sí,Sí
1310,México,Tal vez,Argentina,Premios y sorteos,Producto gratis,No,Sí
1311,México,Definitivamente sí,Francia,Premios y sorteos,Sorteo de viajes,Sí,Sí
1312,Francia,Tal vez,España,Un jugador famoso,Sorteo de camisetas,Sí,No
1313,México,Probablemente sí,Estados Unidos,Un jugador famoso,Sorteo de balones,Sí,Sí
1314,Brasil,Tal vez,Francia,Premios y sorteos,Sorteo de viajes,No,Sí
1315,Alemania,Probablemente sí,Inglaterra,Una selección nacional,Sorteo de viajes,Sí,Sí
1316,Alemania,Definitivamente sí,España,Premios y sorteos,Producto gratis,Sí,No
1317,Brasil,Definitivamente sí,Argentina,Un jugador famoso,Tarjetas coleccionables,Sí,No
1318,España,Tal vez,Uruguay,Una selección nacional,Tarjetas coleccionables,Sí,No
1319,Argentina,Tal vez, NORUEGA ,Un jugador famoso,Producto gratis,Sí,Sí
1320,Argentina,Definitivamente sí,Portugal,Una selección nacional,Sorteo de camisetas,Sí,No
1321,Brasil,Tal vez,Brasil,Historias de aficionados,Tarjetas coleccionables,Sí,Sí
1322,Francia,Probablemente sí,Francia,Un jugador famoso,2x1,Sí,No
1323,Colombia,Definitivamente sí,Francia,Humor,2x1,Sí,Sí
1324,Francia,Probablemente sí,Noruega,Un jugador famoso,Sorteo de balones,Sí,Sí
1325,Portugal,Tal vez,Estados Unidos,Un jugador famoso,2x1,Sí,No
1326,Argentina,Definitivamente sí,Inglaterra,Premios y sorteos,2x1,Sí,No
1327, BRASIL ,Definitivamente sí,Alemania,Un jugador famoso,Producto gratis,Sí,Sí
1328,México,Definitivamente sí,Alemania,Un jugador famoso,Sorteo de camisetas,Sí,Sí
1329,Alemania,Probablemente sí,Senegal,Un jugador famoso,Descuento directo,Sí,Sí
1330,Portugal,Tal vez,Alemania,Un jugador famoso,2x1,Sí,Sí
1331,España,Probablemente no,Argentina,Premios y sorteos,Sorteo de balones,Sí,Sí
1332,Argentina,Tal vez,España,Un jugador famoso,Tarjetas coleccionables,Sí,Sí
1333,Inglaterra,Probablemente sí,Colombia,Premios y sorteos,2x1,Sí,Sí
1334,Alemania,Definitivamente sí,Argentina,Historias de aficionados,Tarjetas coleccionables,Sí,No
1335,Argentina,Definitivamente sí,España,Historias de aficionados,Descuento directo,Sí,Sí
1336,Argentina,Tal vez,Portugal,Una selección nacional,2x1,Sí,No
1337,Argentina,Definitivamente sí,Argentina,Una selección nacional,Sorteo de camisetas,Sí,Sí
1338, BRASIL ,Probablemente sí,México,Una selección nacional,Descuento directo,Sí,Sí
1339,España,Definitivamente sí,Portugal,Un jugador famoso,Tarjetas coleccionables,Sí,Sí
1340,México,Probablemente sí,Argentina,Un jugador famoso,2x1,Sí,No
1341,Inglaterra,Probablemente sí,Australia,Una selección nacional,Producto gratis,No,Sí
1342,Curaçao,Tal vez,Argentina,Premios y sorteos,Tarjetas coleccionables,Sí,Sí
1343,Brasil,Definitivamente no,Brasil,Un jugador famoso,Sorteo de camisetas,Sí,Sí
1344,Uruguay,Probablemente no,Brasil,Historias de aficionados,Sorteo de balones,Sí,Sí
1345,Inglaterra,Definitivamente sí,Curaçao,Un jugador famoso,Tarjetas coleccionables,No,Sí
1346,Inglaterra,Probablemente no,Portugal,Humor,2x1,Sí,Sí
1347,Brasil,Definitivamente sí,Argentina,Humor,Descuento directo,Sí,No
1348,Brasil,Probablemente sí,Irán,Una selección nacional,2x1,No,No
1349,Argentina,Definitivamente sí,Francia,Historias de aficionados,Producto gratis,Sí,No
1350,España,Probablemente sí,España,Un jugador famoso,Sorteo de camisetas,Sí,No
1351,México,Tal vez,Canadá,Un jugador famoso,2x1,Sí,Sí
1352,México,Tal vez,Portugal,Humor,Producto gratis,No,Sí
1353,Argentina,Definitivamente sí,Argentina,Una selección nacional,Descuento directo,Sí,Sí
1354, ESPAÑA ,Definitivamente no,Francia,Una selección nacional,Descuento directo,Sí,Sí
1355,Alemania,Tal vez,Brasil,Una selección nacional,Producto gratis,Sí,Sí
1356,España,Probablemente sí,Brasil,Un jugador famoso,Descuento directo,Sí,Sí
1357,Argentina,Tal vez,Colombia,Un jugador famoso,Producto gratis,Sí,Sí
1358,Uzbekistán,Tal vez,México,Una selección nacional,Producto gratis,Sí,Sí
1359,Inglaterra,Tal vez,Brasil,Un jugador famoso,2x1,Sí,Sí
1360,Brasil,Tal vez,Inglaterra,Un jugador famoso,Sorteo de viajes,Sí,Sí
1361,Portugal,Definitivamente sí,México,Un jugador famoso,Producto gratis,Sí,Sí
1362,España,Tal vez,México,Premios y sorteos,2x1,Sí,No
1363,Francia,Tal vez,Brasil,Premios y sorteos,Sorteo de viajes,Sí,Sí
1364,España,Definitivamente sí,México,Historias de aficionados,Descuento directo,Sí,Sí
1365,Argentina,Tal vez,Uruguay,Una selección nacional,2x1,Sí,No
1366,Estados Unidos,Probablemente sí,Estados Unidos,Premios y sorteos,Sorteo de balones,Sí,Sí
1367,Curaçao,Definitivamente sí,Brasil,Premios y sorteos,Sorteo de camisetas,Sí,No
1368,Argentina,Probablemente sí,Estados Unidos,Un jugador famoso,Sorteo de viajes,Sí,Sí
1369,Portugal,Probablemente sí,Argentina,Un jugador famoso,Descuento directo,Sí,No
1370,Francia,Probablemente sí,Portugal,Premios y sorteos,Producto gratis,Sí,Sí
1371,Inglaterra,Probablemente no,España,Una selección nacional,2x1,Sí,No
1372,Francia,Tal vez,Brasil,Historias de aficionados,2x1,Sí,No
1373,Argentina,Probablemente sí,Argentina,Un jugador famoso,Sorteo de viajes,Sí,Sí
1374,Marruecos,Probablemente no,Francia,Una selección nacional,Producto gratis,Sí,Sí
1375,Suecia,Probablemente sí,España,Un jugador famoso,2x1,Sí,Sí
1376,Austria,Definitivamente sí,Francia,Una selección nacional,Sorteo de camisetas,Sí,No
1377,Inglaterra,Probablemente sí,México,Premios y sorteos,Tarjetas coleccionables,Sí,Sí
1378,España,Probablemente sí,Brasil,Premios y sorteos,Sorteo de viajes,Sí,No
1379,México,Tal vez,Colombia,Historias de aficionados,Sorteo de balones,Sí,No
1380,Argentina,Probablemente sí,Alemania,Un jugador famoso,Descuento directo,Sí,Sí
1381,Portugal,Definitivamente sí,Inglaterra,Humor,2x1,Sí,No
1382,México,Tal vez,Estados Unidos,Un jugador famoso,Descuento directo,Sí,Sí
1383,Argentina,Definitivamente sí,México,Una selección nacional,Sorteo de viajes,Sí,No
1384,Alemania,Tal vez,México,Premios y sorteos,2x1,Sí,Sí
1385,Brasil,Definitivamente sí,Noruega,Un jugador famoso,Descuento directo,Sí,No
1386,Brasil,Tal vez,España,Humor,Descuento directo,Sí,Sí
1387,Argentina,Probablemente sí,Portugal,Una selección nacional,Producto gratis,Sí,No
1388,Argentina,Probablemente no,Argentina,Un jugador famoso,2x1,Sí,Sí
1389,Colombia,Definitivamente sí,Brasil,Una selección nacional,Descuento directo,Sí,No
1390,México,Definitivamente sí,Portugal,Premios y sorteos,2x1,Sí,No
1391,Brasil,Tal vez,Argentina,Un jugador famoso,Tarjetas coleccionables,Sí,No
1392,Argentina,Probablemente no,México,Una selección nacional,Descuento directo,Sí,No
1393,Inglaterra,Definitivamente sí,México,Una selección nacional,2x1,Sí,No
1394,Argentina,Definitivamente no,Inglaterra,Historias de aficionados,Descuento directo,Sí,No
1395,Brasil,Tal vez,No especificado,Una selección nacional,Tarjetas coleccionables,Sí,No
1396,Czechia,Definitivamente sí,Alemania,Una selección nacional,2x1,Sí,No
1397, ARGENTINA ,Definitivamente sí,Portugal,Historias de aficionados,Sorteo de balones,Sí,Sí
1398,Brasil,Probablemente sí,Argentina,Una selección nacional,2x1,Sí,Sí
1399,México,Tal vez,Francia,Un jugador famoso,2x1,Sí,No
1400,México,Probablemente sí,Croacia,Un jugador famoso,2x1,Sí,Sí
1401,Uruguay,Probablemente no,Francia,Humor,Sorteo de viajes,Sí,Sí
1402,Argentina,Definitivamente no,Alemania,Una selección nacional,Tarjetas coleccionables,Sí,Sí
1403,Portugal,Probablemente no,Inglaterra,Humor,2x1,Sí,Sí
1404,Portugal,Probablemente sí,Portugal,Premios y sorteos,Producto gratis,Sí,No
1405,Brasil,Tal vez, ALEMANIA ,Un jugador famoso,Sorteo de balones,Sí,Sí
1406,España,Probablemente no,Francia,Premios y sorteos,Tarjetas coleccionables,No,No
1407,Estados Unidos,Probablemente sí,Argentina,Una selección nacional,2x1,Sí,No
1408,México,Definitivamente sí,México,Una selección nacional,Sorteo de camisetas,Sí,Sí
1409,Argentina,Probablemente sí,Argentina,Premios y sorteos,Sorteo de viajes,No,Sí
1410,Francia,Definitivamente sí,Portugal,Una selección nacional,Tarjetas coleccionables,Sí,Sí
1411,Francia,Definitivamente sí,Brasil,Premios y sorteos,Tarjetas coleccionables,Sí,Sí
1412,México,Probablemente sí,No especificado,Una selección nacional,Producto gratis,Sí,Sí
1413,Argentina,Probablemente no,Japón,Un jugador famoso,Sorteo de camisetas,Sí,No
1414,Alemania,Probablemente sí,Portugal,Una selección nacional,2x1,Sí,Sí
1415,Francia,Tal vez,Uruguay,Premios y sorteos,Sorteo de camisetas,Sí,Sí
1416,Brasil,Definitivamente sí,Alemania,Historias de aficionados,Descuento directo,Sí,No
1417,Francia,Tal vez,Brasil,Un jugador famoso,Producto gratis,No,Sí
1418,Francia,Tal vez,Alemania,Un jugador famoso,Descuento directo,Sí,Sí
1419,Colombia,Probablemente no, BRASIL ,Historias de aficionados,Sorteo de camisetas,Sí,Sí
1420,Argentina,Probablemente no,Francia,Premios y sorteos,Tarjetas coleccionables,No,No
1421,Francia,Definitivamente sí,Austria,Historias de aficionados,2x1,Sí,Sí
1422,Francia,Probablemente sí,Türkiye,Premios y sorteos,2x1,Sí,Sí
1423,Portugal,Probablemente no,Brasil,Premios y sorteos,2x1,Sí,Sí
1424,Colombia,Definitivamente no,Brasil,Una selección nacional,Producto gratis,Sí,No
1425,Argentina,Definitivamente sí,Brasil,Historias de aficionados,Tarjetas coleccionables,Sí,Sí
1426,Argentina,Definitivamente no,Argentina,Un jugador famoso,Producto gratis,Sí,Sí
1427,Brasil,Probablemente sí,No especificado,Premios y sorteos,Tarjetas coleccionables,Sí,Sí
1428,México,Probablemente sí,Portugal,Un jugador famoso,Producto gratis,Sí,Sí
1429,Brasil,Tal vez,Argentina,Un jugador famoso,Producto gratis,Sí,Sí
1430,Francia,Probablemente sí,No especificado,Una selección nacional,Producto gratis,Sí,No
1431, MÉXICO ,Definitivamente sí,Panamá,Premios y sorteos,Tarjetas coleccionables,Sí,No
1432,Portugal,Probablemente sí,Argentina,Premios y sorteos,Tarjetas coleccionables,Sí,No
1433,Argentina,Probablemente sí,Brasil,Humor,Sorteo de balones,No,Sí
1434,Argentina,Definitivamente sí,Brasil,Una selección nacional,Tarjetas coleccionables,Sí,Sí
1435,México,Tal vez,Alemania,Una selección nacional,2x1,Sí,No
1436,Alemania,Tal vez,Corea del Sur,Un jugador famoso,2x1,Sí,Sí
1437,Francia,Probablemente no,Argentina,Una selección nacional,Sorteo de viajes,Sí,Sí
1438,Francia,Probablemente sí,Irán,Una selección nacional,Producto gratis,Sí,Sí
1439,Alemania,Definitivamente sí,Argentina,Humor,Sorteo de camisetas,Sí,No
1440,México,Probablemente sí,Argentina,Humor,Descuento directo,No,No
1441,México,Definitivamente sí,Argentina,Premios y sorteos,Sorteo de balones,Sí,Sí
1442,Brasil,Definitivamente sí,Argentina,Premios y sorteos,2x1,No,Sí
1443,Portugal,Tal vez,Uruguay,Una selección nacional,Descuento directo,Sí,No
1444,Inglaterra,Tal vez,Argentina,Una selección nacional,Tarjetas coleccionables,Sí,Sí
1445,Argentina,Probablemente sí,Portugal,Un jugador famoso,Descuento directo,No,Sí
1446,Alemania,Definitivamente no,Alemania,Un jugador famoso,Sorteo de camisetas,Sí,Sí
1447,Irak,Probablemente sí,Portugal,Una selección nacional,Producto gratis,Sí,Sí
1448, ARGENTINA ,Tal vez,Estados Unidos,Premios y sorteos,Sorteo de viajes,Sí,Sí
1449, BRASIL ,Probablemente sí,México,Humor,Sorteo de viajes,Sí,No
1450,Brasil,Definitivamente sí,México,Una selección nacional,Descuento directo,Sí,Sí
1451,México,Probablemente sí,Argelia,Historias de aficionados,Producto gratis,Sí,No
1452,Irán,Tal vez,España,Un jugador famoso,Sorteo de balones,No,Sí
1453,Argentina,Definitivamente sí,Brasil,Una selección nacional,2x1,No,No
1454,Portugal,Probablemente sí,Colombia,Premios y sorteos,Sorteo de viajes,No,Sí
1455,Argentina,Probablemente sí,España,Humor,Sorteo de camisetas,Sí,No
1456,Alemania,Definitivamente sí,España,Un jugador famoso,Sorteo de balones,Sí,Sí
1457,Argentina,Definitivamente sí,Brasil,Humor,2x1,Sí,No
1458,Argentina,Definitivamente sí,Brasil,Una selección nacional,2x1,Sí,No
1459,Brasil,Tal vez,Argentina,Historias de aficionados,Descuento directo,Sí,No
1460,México,Probablemente sí,Brasil,Una selección nacional,2x1,No,Sí
1461,Brasil,Probablemente sí, ESPAÑA ,Un jugador famoso,2x1,Sí,Sí
1462,Brasil,Definitivamente sí,Egipto,Premios y sorteos,Sorteo de balones,Sí,Sí
1463,Alemania,Definitivamente sí,Portugal,Humor,Sorteo de balones,Sí,Sí
1464,Brasil,Definitivamente no,No especificado,Premios y sorteos,Descuento directo,No,Sí
1465,Alemania,Definitivamente sí,Brasil,Premios y sorteos,Sorteo de balones,Sí,Sí
1466,Portugal,Probablemente sí,Colombia,Premios y sorteos,Descuento directo,Sí,No
1467,Francia,Tal vez,Portugal,Historias de aficionados,Descuento directo,Sí,Sí
1468,Inglaterra,Probablemente sí,México,Un jugador famoso,Tarjetas coleccionables,Sí,Sí
1469,México,Tal vez,Inglaterra,Una selección nacional,Descuento directo,Sí,No
1470, ARGENTINA ,Tal vez,Bosnia y Herzegovina,Una selección nacional,Producto gratis,Sí,Sí
1471,Argentina,Tal vez,México,Una selección nacional,2x1,Sí,Sí
1472,Noruega,Probablemente sí,España,Una selección nacional,Sorteo de camisetas,Sí,Sí
1473,Francia,Probablemente no,México,Una selección nacional,Tarjetas coleccionables,Sí,No
1474,Argentina,Definitivamente sí,Portugal,Humor,Sorteo de camisetas,Sí,Sí
1475,Brasil,Probablemente no,Portugal,Historias de aficionados,Tarjetas coleccionables,Sí,Sí
1476,Francia,Probablemente sí,España,Humor,2x1,No,Sí
1477,Portugal,Tal vez, FRANCIA ,Premios y sorteos,Descuento directo,Sí,No
1478,Brasil,Probablemente no,Brasil,Una selección nacional,Sorteo de viajes,Sí,Sí
1479,Colombia,Probablemente sí,Argentina,Un jugador famoso,Sorteo de camisetas,Sí,No
1480,Alemania,Definitivamente no,Colombia,Historias de aficionados,Producto gratis,Sí,Sí
1481,Brasil,Probablemente no,Portugal,Humor,2x1,Sí,Sí
1482,Argentina,Definitivamente sí,Francia,Un jugador famoso,Sorteo de balones,Sí,No
1483,Argentina,Probablemente sí, PORTUGAL ,Historias de aficionados,Tarjetas coleccionables,No,Sí
1484,Inglaterra,Definitivamente sí,Brasil,Una selección nacional,Producto gratis,Sí,Sí
1485,Argentina,Tal vez,Francia,Un jugador famoso,Sorteo de camisetas,Sí,Sí
1486,Argentina,Probablemente sí,México,Premios y sorteos,2x1,Sí,No
1487,Colombia,Probablemente no,Estados Unidos,Un jugador famoso,Tarjetas coleccionables,Sí,Sí
1488,Argentina,Tal vez,Brasil,Premios y sorteos,Sorteo de viajes,Sí,Sí
1489,Brasil,Probablemente sí,Brasil,Una selección nacional,Sorteo de balones,Sí,No
1490,México,Probablemente no,Uruguay,Premios y sorteos,Descuento directo,Sí,Sí
1491,Japón,Probablemente sí,Francia,Un jugador famoso,Tarjetas coleccionables,Sí,Sí
1492,Argentina,Definitivamente sí,México,Premios y sorteos,Producto gratis,Sí,Sí
1493,Japón,Probablemente sí,Estados Unidos,Un jugador famoso,Producto gratis,No,No
1494,Corea del Sur,Definitivamente sí,Brasil,Un jugador famoso,Tarjetas coleccionables,No,Sí
1495,Argentina,Probablemente sí,Ghana,Un jugador famoso,Tarjetas coleccionables,Sí,Sí
1496,México,Definitivamente no, PARAGUAY ,Un jugador famoso,Descuento directo,Sí,Sí
1497,Argentina,Probablemente sí,México,Un jugador famoso,Producto gratis,Sí,Sí
1498,Nueva Zelanda,Tal vez,Portugal,Un jugador famoso,Producto gratis,Sí,Sí
1499,Países Bajos,Definitivamente sí,Argentina,Un jugador famoso,Tarjetas coleccionables,No,No
1500,Argentina,Definitivamente sí,Argentina,Premios y sorteos,Producto gratis,Sí,No
1501,Francia,Tal vez,Portugal,Una selección nacional,Tarjetas coleccionables,Sí,Sí
1502,España,Tal vez,Brasil,Un jugador famoso,Producto gratis,Sí,No
1503,Argentina,Definitivamente sí,Brasil,Humor,Sorteo de viajes,Sí,Sí
1504,Argentina,Definitivamente no,México,Una selección nacional,Descuento directo,Sí,Sí
1505,Argentina,Definitivamente sí,México,Un jugador famoso,Sorteo de camisetas,Sí,No
1506,Argentina,Probablemente sí,Argentina,Humor,Tarjetas coleccionables,Sí,No
1507,Estados Unidos,Probablemente no,Argentina,Humor,Tarjetas coleccionables,Sí,Sí
1508,Portugal,Definitivamente sí,México,Premios y sorteos,2x1,Sí,No
1509,Portugal,Probablemente sí,Brasil,Una selección nacional,Producto gratis,No,Sí
1510,Francia,Definitivamente no,Argentina,Un jugador famoso,Sorteo de camisetas,Sí,Sí
1511,Alemania,Probablemente sí,Inglaterra,Una selección nacional,Descuento directo,Sí,No
1512, COLOMBIA ,Probablemente sí,Portugal,Una selección nacional,2x1,Sí,Sí
1513,Francia,Probablemente sí,México,Un jugador famoso,Sorteo de camisetas,Sí,No
1514,Francia,Definitivamente no,México,Historias de aficionados,Producto gratis,Sí,Sí
1515,Francia,Probablemente sí,Francia,Historias de aficionados,Tarjetas coleccionables,Sí,Sí
1516,Francia,Definitivamente sí,México,Una selección nacional,Sorteo de viajes,Sí,Sí
1517,Argentina,Probablemente sí,Inglaterra,Premios y sorteos,Tarjetas coleccionables,No,Sí
1518,Brasil,Probablemente no,Estados Unidos,Una selección nacional,Descuento directo,Sí,No
1519,México,Tal vez,Francia,Historias de aficionados,2x1,Sí,Sí
1520,Argentina,Tal vez,Nueva Zelanda,Un jugador famoso,Producto gratis,No,No
1521,Argentina,Tal vez,Brasil,Historias de aficionados,Sorteo de camisetas,Sí,No
1522,Argentina,Probablemente sí,México,Una selección nacional,Sorteo de viajes,Sí,Sí
1523,South Africa,Definitivamente sí,Argentina,Historias de aficionados,Tarjetas coleccionables,Sí,Sí
1524,Inglaterra,Definitivamente sí,Argentina,Un jugador famoso,Descuento directo,Sí,No
1525,Inglaterra,Probablemente no,Argentina,Humor,Descuento directo,No,Sí
1526,Colombia,Probablemente sí,Brasil,Una selección nacional,Producto gratis,Sí,Sí
1527,Portugal,Definitivamente no,Francia,Una selección nacional,2x1,Sí,No
1528,Portugal,Probablemente no,Argentina,Una selección nacional,Sorteo de balones,Sí,Sí
1529, ESPAÑA ,Probablemente no,México,Una selección nacional,Sorteo de camisetas,No,No
1530, MÉXICO ,Probablemente sí,España,Premios y sorteos,Descuento directo,Sí,No
1531,Portugal,Probablemente sí,Uruguay,Humor,Sorteo de viajes,Sí,No
1532,Portugal,Tal vez,Portugal,Premios y sorteos,Descuento directo,Sí,No
1533,Brasil,Probablemente no,España,Una selección nacional,2x1,Sí,Sí
1534,Brasil,Probablemente no,Francia,Historias de aficionados,2x1,Sí,No
1535,Brasil,Probablemente sí,México,Un jugador famoso,Descuento directo,Sí,No
1536,México,Probablemente sí,Brasil,Un jugador famoso,Sorteo de balones,Sí,Sí
1537,Portugal,Probablemente no,Argentina,Una selección nacional,Descuento directo,Sí,Sí
1538,Brasil,Probablemente sí,Brasil,Premios y sorteos,Descuento directo,Sí,Sí
1539,Portugal,Probablemente sí, BRASIL ,Un jugador famoso,Descuento directo,Sí,No
1540,México,Definitivamente sí,Argentina,Un jugador famoso,Descuento directo,No,No
1541,Argentina,Probablemente sí,México,Un jugador famoso,Descuento directo,No,Sí
1542,Portugal,Definitivamente sí,Portugal,Un jugador famoso,Sorteo de viajes,No,Sí
1543,Brasil,Definitivamente sí,Portugal,Un jugador famoso,Sorteo de balones,Sí,Sí
1544,Curaçao,Probablemente no,Portugal,Una selección nacional,Tarjetas coleccionables,Sí,No
1545,Inglaterra,Probablemente sí,Inglaterra,Un jugador famoso,Descuento directo,Sí,Sí
1546,Francia,Definitivamente sí,Brasil,Un jugador famoso,2x1,Sí,Sí
1547,España,Probablemente sí,Argentina,Una selección nacional,Sorteo de balones,No,No
1548,Estados Unidos,Tal vez,Portugal,Premios y sorteos,Producto gratis,Sí,No
1549,Brasil,Probablemente sí,Argentina,Historias de aficionados,2x1,Sí,Sí
1550,Uruguay,Probablemente sí,Argentina,Un jugador famoso,2x1,Sí,No
1551,Irak,Probablemente sí,México,Premios y sorteos,2x1,Sí,Sí
1552,Ghana,Probablemente sí,México,Premios y sorteos,Tarjetas coleccionables,Sí,Sí
1553,Inglaterra,Probablemente sí,Brasil,Un jugador famoso,2x1,Sí,No
1554,Portugal,Definitivamente no,Portugal,Una selección nacional,Tarjetas coleccionables,Sí,No
1555,Túnez,Probablemente sí,Argentina,Premios y sorteos,2x1,Sí,No
1556,Brasil,Tal vez,Francia,Un jugador famoso,2x1,Sí,Sí
1557,Estados Unidos,Probablemente no,Brasil,Una selección nacional,Sorteo de balones,No,Sí
1558,Francia,Definitivamente sí,Inglaterra,Premios y sorteos,Sorteo de viajes,No,Sí
1559,México,Tal vez,Paraguay,Historias de aficionados,Sorteo de camisetas,Sí,No
1560,Francia,Tal vez,Francia,Premios y sorteos,2x1,Sí,No
1561,Inglaterra,Definitivamente sí,Portugal,Una selección nacional,Producto gratis,Sí,Sí
1562,Francia,Definitivamente sí,Argentina,Premios y sorteos,Sorteo de camisetas,Sí,Sí
1563,Brasil,Probablemente sí,Argentina,Una selección nacional,Descuento directo,Sí,Sí
1564,Argentina,Tal vez,Argentina,Premios y sorteos,Sorteo de camisetas,Sí,Sí
1565,Brasil,Definitivamente sí,España,Historias de aficionados,Tarjetas coleccionables,Sí,Sí
1566, MÉXICO ,Tal vez,No especificado,Un jugador famoso,Tarjetas coleccionables,No,No
1567,Inglaterra,Probablemente sí,Nueva Zelanda,Humor,Descuento directo,Sí,Sí
1568,Alemania,Probablemente sí,Brasil,Una selección nacional,2x1,Sí,Sí
1569,Argentina,Definitivamente sí,Inglaterra,Un jugador famoso,Tarjetas coleccionables,No,Sí
1570,México,Probablemente sí,Brasil,Premios y sorteos,Descuento directo,Sí,Sí
1571,Croacia,Definitivamente sí,Estados Unidos,Una selección nacional,Descuento directo,Sí,Sí
1572,Argentina,Probablemente no,México,Un jugador famoso,Sorteo de viajes,Sí,No
1573,Bosnia y Herzegovina,Probablemente no,Argentina,Historias de aficionados,2x1,Sí,No
1574,Inglaterra,Tal vez,Portugal,Historias de aficionados,Sorteo de camisetas,Sí,No
1575,Francia,Tal vez,Francia,Premios y sorteos,Sorteo de viajes,Sí,No
1576,Brasil,Probablemente sí,Inglaterra,Premios y sorteos,2x1,No,No
1577,Inglaterra,Tal vez,Portugal,Humor,Descuento directo,No,Sí
1578,Argentina,Probablemente sí,Portugal,Humor,2x1,Sí,Sí
1579,Argentina,Tal vez,Brasil,Premios y sorteos,Tarjetas coleccionables,Sí,Sí
1580,México,Tal vez,Paraguay,Historias de aficionados,2x1,Sí,Sí
1581,South Africa,Probablemente sí,Curaçao,Un jugador famoso,Producto gratis,Sí,Sí
1582,Costa de Marfil,Definitivamente sí,Estados Unidos,Humor,Producto gratis,Sí,Sí
1583,Estados Unidos,Probablemente sí,Portugal,Humor,2x1,Sí,No
1584,Alemania,Probablemente sí,Argentina,Historias de aficionados,Descuento directo,Sí,Sí
1585,Estados Unidos,Tal vez,Alemania,Humor,Descuento directo,Sí,Sí
1586,Brasil,Probablemente no,Estados Unidos,Un jugador famoso,Descuento directo,Sí,Sí
1587,Brasil,Definitivamente sí,México,Humor,Producto gratis,Sí,Sí
1588,Francia,Probablemente no, MÉXICO ,Historias de aficionados,Sorteo de camisetas,Sí,Sí
1589,Brasil,Definitivamente sí,Colombia,Historias de aficionados,2x1,Sí,No
1590,Argentina,Tal vez,Francia,Una selección nacional,2x1,Sí,Sí
1591,España,Definitivamente sí,Inglaterra,Una selección nacional,Producto gratis,Sí,No
1592,México,Definitivamente sí,Argentina,Humor,Tarjetas coleccionables,Sí,No
1593,Brasil,Probablemente no,Inglaterra,Un jugador famoso,Producto gratis,Sí,No
1594,Brasil,Definitivamente sí,Argentina,Una selección nacional,Descuento directo,Sí,Sí
1595,Argentina,Probablemente sí,España,Un jugador famoso,Sorteo de balones,Sí,No
1596,Uruguay,Definitivamente sí,Brasil,Humor,Producto gratis,Sí,Sí
1597, ARGENTINA ,Tal vez,Argentina,Premios y sorteos,Tarjetas coleccionables,Sí,No
1598,España,Tal vez,Argentina,Premios y sorteos,Descuento directo,Sí,No
1599,Francia,Tal vez,Argentina,Premios y sorteos,Descuento directo,Sí,Sí
1600,Argentina,Definitivamente sí,Francia,Humor,2x1,No,Sí
1601,Francia,Probablemente sí,México,Premios y sorteos,Sorteo de camisetas,Sí,No
1602,Colombia,Probablemente sí,España,Humor,Sorteo de camisetas,Sí,Sí
1603,Portugal,Probablemente sí,España,Una selección nacional,2x1,Sí,Sí
1604,Francia,Probablemente sí,Argentina,Un jugador famoso,Sorteo de camisetas,Sí,Sí
1605,Colombia,Probablemente sí,No especificado,Humor,Descuento directo,Sí,Sí
1606,España,Probablemente sí,Brasil,Una selección nacional,Descuento directo,Sí,Sí
1607,España,Tal vez,España,Historias de aficionados,Sorteo de viajes,No,Sí
1608,Argentina,Probablemente sí,Brasil,Una selección nacional,Producto gratis,Sí,No
1609,Brasil,Probablemente no,Brasil,Historias de aficionados,2x1,Sí,Sí
1610,Portugal,Definitivamente sí,Argentina,Humor,Descuento directo,Sí,No
1611,España,Tal vez,Inglaterra,Un jugador famoso,Sorteo de camisetas,Sí,Sí
1612,Brasil,Tal vez,No especificado,Premios y sorteos,Descuento directo,Sí,Sí
1613,Brasil,Definitivamente sí,Argentina,Premios y sorteos,2x1,Sí,No
1614,Inglaterra,Definitivamente sí,México,Un jugador famoso,2x1,Sí,No
1615,México,Tal vez,Argentina,Humor,Sorteo de balones,Sí,No
1616,Argentina,Probablemente sí,Francia,Un jugador famoso,Sorteo de camisetas,Sí,Sí
1617,Argentina,Probablemente sí,Argentina,Humor,Sorteo de viajes,No,Sí
1618,Brasil,Probablemente sí,México,Humor,2x1,Sí,Sí
1619,Portugal,Probablemente sí,Argentina,Una selección nacional,2x1,Sí,No
1620,Estados Unidos,Tal vez,Argentina,Humor,Tarjetas coleccionables,Sí,Sí
1621,Francia,Probablemente sí,Estados Unidos,Un jugador famoso,Tarjetas coleccionables,Sí,Sí
1622,Brasil,Probablemente sí,Argentina,Un jugador famoso,Sorteo de balones,Sí,Sí
1623,España,Probablemente no,Argentina,Una selección nacional,Producto gratis,Sí,Sí
1624,México,Definitivamente sí,Qatar,Un jugador famoso,2x1,Sí,No
1625,Argentina,Definitivamente sí,Argentina,Un jugador famoso,Descuento directo,Sí,Sí
1626,Francia,Tal vez,Brasil,Un jugador famoso,Sorteo de balones,Sí,No
1627,España,Tal vez,Colombia,Un jugador famoso,Tarjetas coleccionables,Sí,Sí
1628,Brasil,Definitivamente sí,Estados Unidos,Una selección nacional,Descuento directo,No,Sí
1629,Brasil,Probablemente sí,No especificado,Humor,Tarjetas coleccionables,Sí,Sí
1630,Inglaterra,Tal vez,México,Humor,Sorteo de camisetas,Sí,No
1631,Marruecos,Tal vez,Uruguay,Humor,Descuento directo,Sí,Sí
1632,Francia,Definitivamente sí,Colombia,Humor,Producto gratis,Sí,No
1633,Brasil,Tal vez,Colombia,Un jugador famoso,2x1,Sí,Sí
1634,Portugal,Tal vez,Argentina,Historias de aficionados,Sorteo de viajes,Sí,Sí
1635, FRANCIA ,Definitivamente sí,Uruguay,Humor,Sorteo de camisetas,Sí,Sí
1636,Portugal,Probablemente no,Australia,Un jugador famoso,Descuento directo,Sí,No
1637,Inglaterra,Tal vez,Czechia,Premios y sorteos,2x1,Sí,Sí
1638,México,Probablemente sí,Argentina,Humor,2x1,No,No
1639,España,Probablemente sí,Inglaterra,Historias de aficionados,2x1,No,Sí
1640,Argentina,Probablemente sí,Portugal,Premios y sorteos,Descuento directo,Sí,No
1641,Congo DR,Probablemente no,Colombia,Un jugador famoso,Descuento directo,No,Sí
1642,Brasil,Probablemente sí,Senegal,Premios y sorteos,2x1,Sí,Sí
1643,Argentina,Tal vez,Inglaterra,Un jugador famoso,Descuento directo,Sí,Sí
1644,Brasil,Tal vez,México,Humor,2x1,Sí,Sí
1645,España,Tal vez,Brasil,Una selección nacional,Producto gratis,Sí,Sí
1646,Colombia,Probablemente sí,Portugal,Una selección nacional,Descuento directo,Sí,No
1647,Argentina,Probablemente no,Estados Unidos,Humor,Producto gratis,Sí,Sí
1648,Argentina,Probablemente sí,Portugal,Una selección nacional,Producto gratis,Sí,Sí
1649,Argentina,Tal vez,Argentina,Historias de aficionados,Descuento directo,Sí,Sí
1650,Australia,Definitivamente no,Argentina,Un jugador famoso,Tarjetas coleccionables,No,Sí
1651,Portugal,Probablemente sí,Brasil,Premios y sorteos,Tarjetas coleccionables,Sí,No
1652,España,Probablemente sí,Argentina,Un jugador famoso,Sorteo de viajes,Sí,No
1653,Argentina,Probablemente sí,Portugal,Historias de aficionados,Producto gratis,Sí,Sí
1654,Estados Unidos,Probablemente no,Argentina,Una selección nacional,Sorteo de camisetas,Sí,Sí
1655,Colombia,Probablemente sí,Portugal,Una selección nacional,Sorteo de camisetas,Sí,Sí
1656,España,Definitivamente no,Francia,Historias de aficionados,Descuento directo,No,No
1657,Francia,Probablemente sí,Estados Unidos,Un jugador famoso,Tarjetas coleccionables,No,No
1658,Estados Unidos,Tal vez,España,Un jugador famoso,Sorteo de balones,Sí,No
1659,Jordania,Definitivamente sí,México,Premios y sorteos,Sorteo de camisetas,Sí,No
1660,Inglaterra,Tal vez,Argentina,Humor,2x1,Sí,No
1661,Francia,Definitivamente sí,South Africa,Humor,Sorteo de balones,Sí,Sí
1662,Uruguay,Probablemente sí,España,Un jugador famoso,Descuento directo,Sí,Sí
1663,España,Tal vez,Argentina,Premios y sorteos,Descuento directo,Sí,Sí
1664,México,Definitivamente sí, EGIPTO ,Humor,2x1,Sí,No
1665,Brasil,Probablemente sí,México,Premios y sorteos,Sorteo de viajes,Sí,No
1666,Portugal,Definitivamente sí,México,Historias de aficionados,Sorteo de viajes,Sí,Sí
1667,Colombia,Probablemente no,México,Una selección nacional,Tarjetas coleccionables,No,Sí
1668,Alemania,Probablemente sí,Colombia,Una selección nacional,Tarjetas coleccionables,Sí,No
1669,Inglaterra,Tal vez,Brasil,Humor,2x1,Sí,Sí
1670,Argentina,Definitivamente sí,España,Un jugador famoso,Sorteo de viajes,No,No
1671,Uruguay,Probablemente sí,Brasil,Una selección nacional,2x1,No,Sí
1672,Brasil,Definitivamente no,Argentina,Historias de aficionados,Producto gratis,Sí,Sí
1673,Francia,Probablemente sí,Inglaterra,Un jugador famoso,Sorteo de camisetas,Sí,Sí
1674, ESPAÑA ,Probablemente sí,Brasil,Premios y sorteos,Sorteo de viajes,Sí,Sí
1675,Brasil,Probablemente sí,Brasil,Humor,Tarjetas coleccionables,Sí,No
1676,Argentina,Probablemente no,Brasil,Premios y sorteos,Descuento directo,Sí,Sí
1677,España,Definitivamente sí, MÉXICO ,Una selección nacional,Producto gratis,Sí,Sí
1678,España,Definitivamente sí,Portugal,Humor,Tarjetas coleccionables,Sí,Sí
1679,Francia,Probablemente no,México,Un jugador famoso,Tarjetas coleccionables,Sí,No
1680,España,Tal vez,Colombia,Premios y sorteos,Producto gratis,Sí,No
1681,México,Definitivamente no,Brasil,Una selección nacional,2x1,Sí,No
1682,Uruguay,Probablemente sí,Alemania,Una selección nacional,Tarjetas coleccionables,Sí,Sí
1683, PORTUGAL ,Definitivamente no,México,Premios y sorteos,Tarjetas coleccionables,Sí,No
1684,Argentina,Definitivamente no,Brasil,Premios y sorteos,Sorteo de camisetas,No,Sí
1685,Francia,Tal vez,Alemania,Humor,2x1,Sí,No
1686,México,Tal vez,Francia,Historias de aficionados,2x1,Sí,No
1687,Argentina,Probablemente no,Colombia,Premios y sorteos,Tarjetas coleccionables,Sí,Sí
1688,Francia,Probablemente sí,México,Historias de aficionados,Descuento directo,Sí,Sí
1689,Francia,Probablemente sí,Inglaterra,Una selección nacional,Producto gratis,Sí,No
1690,México,Tal vez,Argentina,Un jugador famoso,Tarjetas coleccionables,Sí,Sí
1691,México,Probablemente no,Brasil,Un jugador famoso,Tarjetas coleccionables,Sí,Sí
1692,Argentina,Probablemente sí,Brasil,Un jugador famoso,Descuento directo,Sí,No
1693,Arabia Saudita,Definitivamente sí,Alemania,Un jugador famoso,Tarjetas coleccionables,Sí,Sí
1694,Qatar,Tal vez,Argentina,Humor,2x1,Sí,Sí
1695,Francia,Definitivamente sí,Francia,Historias de aficionados,Sorteo de camisetas,Sí,Sí
1696,Portugal,Probablemente no,Francia,Premios y sorteos,Sorteo de balones,Sí,Sí
1697,Brasil,Definitivamente sí,México,Un jugador famoso,2x1,Sí,Sí
1698,España,Definitivamente sí,Argentina,Historias de aficionados,Sorteo de camisetas,Sí,No
1699,Argentina,Probablemente no,España,Humor,Descuento directo,No,No
1700,Argentina,Definitivamente sí,Francia,Historias de aficionados,Sorteo de viajes,Sí,Sí
1701,Argentina,Probablemente sí,Portugal,Premios y sorteos,Sorteo de camisetas,Sí,Sí
1702,Inglaterra,Probablemente sí,Brasil,Una selección nacional,2x1,Sí,Sí
1703,México,Definitivamente sí, FRANCIA ,Historias de aficionados,2x1,Sí,Sí
1704,Argentina,Probablemente no,México,Historias de aficionados,Tarjetas coleccionables,Sí,Sí
1705,Brasil,Probablemente sí,Argentina,Un jugador famoso,Tarjetas coleccionables,Sí,No
1706, ARGENTINA ,Definitivamente sí,Argentina,Premios y sorteos,Producto gratis,Sí,Sí
1707,Argentina,Tal vez,Francia,Un jugador famoso,Tarjetas coleccionables,Sí,Sí
1708,Francia,Probablemente sí,México,Un jugador famoso,Tarjetas coleccionables,No,Sí
1709,Portugal,Probablemente no,Argentina,Una selección nacional,Tarjetas coleccionables,Sí,Sí
1710,México,Probablemente sí,Inglaterra,Un jugador famoso,2x1,Sí,No
1711,Canadá,Definitivamente sí,Brasil,Humor,Tarjetas coleccionables,Sí,No
1712,Francia,Tal vez,Alemania,Una selección nacional,Descuento directo,Sí,Sí
1713,Colombia,Probablemente sí,Francia,Premios y sorteos,2x1,Sí,Sí
1714,México,Definitivamente sí,Inglaterra,Un jugador famoso,2x1,Sí,Sí
1715,Inglaterra,Tal vez,Argentina,Premios y sorteos,2x1,No,Sí
1716,Brasil,Definitivamente sí,España,Premios y sorteos,Sorteo de camisetas,Sí,No
1717,Argentina,Probablemente sí,Colombia,Premios y sorteos,Tarjetas coleccionables,Sí,Sí
1718,Argelia,Probablemente sí,España,Humor,Sorteo de balones,Sí,No
1719,Argentina,Definitivamente no,Portugal,Un jugador famoso,Tarjetas coleccionables,Sí,No
1720,México,Probablemente sí,Croacia,Un jugador famoso,Descuento directo,No,No
1721,Panamá,Probablemente sí,Inglaterra,Una selección nacional,Sorteo de balones,Sí,Sí
1722,México,Definitivamente sí,Türkiye,Un jugador famoso,Sorteo de viajes,Sí,Sí
1723,Portugal,Probablemente sí,Brasil,Humor,Tarjetas coleccionables,Sí,Sí
1724,Francia,Definitivamente sí,Inglaterra,Premios y sorteos,Sorteo de camisetas,Sí,No
1725,Inglaterra,Probablemente sí,Argentina,Un jugador famoso,2x1,Sí,Sí
1726,Argentina,Probablemente sí,Colombia,Una selección nacional,2x1,No,Sí
1727,Estados Unidos,Probablemente sí,España,Humor,Sorteo de camisetas,Sí,Sí
1728,Argentina,Tal vez,Inglaterra,Humor,Producto gratis,Sí,No
1729,México,Probablemente sí,México,Premios y sorteos,Sorteo de viajes,No,No
1730,Brasil,Definitivamente sí,Argentina,Un jugador famoso,Sorteo de camisetas,Sí,Sí
1731,Argentina,Probablemente sí,Francia,Humor,Descuento directo,Sí,Sí
1732,Colombia,Tal vez,Argentina,Un jugador famoso,Producto gratis,Sí,Sí
1733,México,Probablemente sí,Francia,Historias de aficionados,Descuento directo,Sí,No
1734,Portugal,Probablemente sí,Argentina,Humor,Tarjetas coleccionables,Sí,No
1735,México,Probablemente no,España,Humor,Sorteo de balones,Sí,Sí
1736,México,Definitivamente sí, ESPAÑA ,Un jugador famoso,Descuento directo,Sí,No
1737,Argentina,Tal vez,Brasil,Un jugador famoso,Producto gratis,No,Sí
1738,Portugal,Probablemente sí,Francia,Una selección nacional,Tarjetas coleccionables,Sí,Sí
1739,España,Probablemente sí,Argentina,Humor,Descuento directo,No,Sí
1740,Brasil,Probablemente no,Portugal,Humor,Descuento directo,Sí,Sí
1741,Portugal,Definitivamente sí,Alemania,Humor,Tarjetas coleccionables,Sí,Sí
1742,Inglaterra,Tal vez,Argentina,Humor,Descuento directo,Sí,Sí
1743,Portugal,Tal vez,España,Un jugador famoso,Descuento directo,Sí,Sí
1744,Argentina,Tal vez,Argentina,Historias de aficionados,Tarjetas coleccionables,Sí,No
1745,Portugal,Definitivamente sí,Francia,Un jugador famoso,2x1,Sí,No
1746,Portugal,Tal vez,Brasil,Historias de aficionados,Descuento directo,No,No
1747,México,Definitivamente sí,México,Humor,Producto gratis,No,No
1748,Austria,Definitivamente sí, ARGENTINA ,Una selección nacional,Tarjetas coleccionables,Sí,Sí
1749,Colombia,Definitivamente sí,Portugal,Un jugador famoso,Sorteo de viajes,Sí,Sí
1750,Alemania,Definitivamente no,Noruega,Premios y sorteos,Producto gratis,Sí,No
1751,México,Tal vez,México,Una selección nacional,2x1,Sí,No
1752,South Africa,Probablemente sí,Francia,Premios y sorteos,Sorteo de balones,Sí,No
1753,Alemania,Probablemente no,México,Una selección nacional,2x1,Sí,No
1754,Argentina,Probablemente no,Brasil,Historias de aficionados,Sorteo de viajes,No,Sí
1755,Argentina,Probablemente no,Francia,Historias de aficionados,Producto gratis,Sí,Sí
1756, COLOMBIA ,Tal vez,México,Premios y sorteos,Sorteo de balones,Sí,No
1757,Francia,Definitivamente no,Uruguay,Historias de aficionados,Descuento directo,Sí,No
1758,Portugal,Probablemente sí,Portugal,Premios y sorteos,Descuento directo,Sí,Sí
1759,México,Definitivamente sí,Francia,Una selección nacional,2x1,Sí,No
1760,Portugal,Definitivamente sí, FRANCIA ,Historias de aficionados,Sorteo de camisetas,Sí,No
1761,Argentina,Tal vez,Argentina,Un jugador famoso,Sorteo de balones,Sí,Sí
1762,Portugal,Probablemente sí,Túnez,Humor,Sorteo de balones,Sí,Sí
1763,Portugal,Tal vez,Argentina,Un jugador famoso,2x1,Sí,Sí
1764,Alemania,Probablemente sí, ALEMANIA ,Una selección nacional,2x1,Sí,No
1765,Inglaterra,Probablemente sí,Argentina,Un jugador famoso,Sorteo de viajes,Sí,Sí
1766,Uruguay,Probablemente no,Canadá,Una selección nacional,Descuento directo,Sí,No
1767,Brasil,Probablemente sí,Argentina,Una selección nacional,Sorteo de viajes,Sí,No
1768,Estados Unidos,Definitivamente sí,Colombia,Una selección nacional,Tarjetas coleccionables,Sí,No
1769,Colombia,Tal vez,Portugal,Un jugador famoso,Producto gratis,Sí,No
1770,Argentina,Tal vez,Argentina,Premios y sorteos,Descuento directo,Sí,Sí
1771,Estados Unidos,Probablemente no,Portugal,Una selección nacional,2x1,Sí,No
1772,Portugal,Probablemente sí,Francia,Un jugador famoso,Sorteo de camisetas,Sí,No
1773,Senegal,Tal vez,Francia,Historias de aficionados,Sorteo de camisetas,No,Sí
1774,Curaçao,Probablemente sí,Portugal,Premios y sorteos,Sorteo de viajes,Sí,No
1775,México,Probablemente sí,Portugal,Premios y sorteos,Sorteo de camisetas,Sí,Sí
1776,Panamá,Definitivamente sí,Brasil,Una selección nacional,Tarjetas coleccionables,Sí,Sí
1777,México,Probablemente sí,España,Humor,Sorteo de balones,Sí,Sí
1778,Francia,Definitivamente sí,Colombia,Historias de aficionados,2x1,Sí,Sí
1779,Paraguay,Tal vez,Argentina,Premios y sorteos,Descuento directo,Sí,Sí
1780,Argentina,Definitivamente sí,Argentina,Un jugador famoso,Descuento directo,No,Sí
1781,México,Definitivamente sí,Brasil,Un jugador famoso,Sorteo de balones,Sí,No
1782, ARGENTINA ,Tal vez,Argentina,Historias de aficionados,2x1,Sí,No
1783,Japón,Probablemente sí,Argentina,Premios y sorteos,Sorteo de viajes,Sí,Sí
1784,México,Tal vez,Bélgica,Un jugador famoso,2x1,Sí,Sí
1785,Portugal,Probablemente sí,Francia,Premios y sorteos,Descuento directo,No,Sí
1786,Portugal,Tal vez,México,Humor,Descuento directo,Sí,Sí
1787,Francia,Probablemente sí,Cabo Verde,Humor,2x1,Sí,No
1788,Francia,Probablemente sí,México,Una selección nacional,Tarjetas coleccionables,Sí,No
1789,Portugal,Tal vez,Brasil,Una selección nacional,2x1,Sí,No
1790,Portugal,Tal vez,Brasil,Una selección nacional,Sorteo de camisetas,Sí,Sí
1791, FRANCIA ,Definitivamente no,Portugal,Una selección nacional,2x1,No,Sí
1792,Brasil,Definitivamente sí,Argentina,Historias de aficionados,Tarjetas coleccionables,Sí,No
1793,Argentina,Tal vez,Brasil,Premios y sorteos,Descuento directo,Sí,No
1794,Brasil,Definitivamente sí,Francia,Humor,Sorteo de balones,Sí,Sí
1795,México,Tal vez,Argentina,Un jugador famoso,Descuento directo,Sí,No
1796,Brasil,Definitivamente sí,Argentina,Un jugador famoso,2x1,No,No
1797,Portugal,Probablemente sí,México,Un jugador famoso,Descuento directo,No,No
1798,Argentina,Probablemente no,Francia,Humor,Sorteo de camisetas,Sí,Sí
1799,Brasil,Probablemente sí,Brasil,Una selección nacional,Descuento directo,Sí,Sí
1800,México,Definitivamente no,España,Historias de aficionados,Tarjetas coleccionables,No,Sí
1801,Brasil,Definitivamente sí,Argentina,Un jugador famoso,2x1,No,Sí
1802,México,Definitivamente sí,Argentina,Humor,Producto gratis,Sí,Sí
1803,Brasil,Tal vez,Austria,Un jugador famoso,Sorteo de camisetas,Sí,No
1804,Inglaterra,Tal vez,Brasil,Premios y sorteos,2x1,No,Sí
1805,Estados Unidos,Tal vez,Argentina,Humor,Sorteo de viajes,Sí,No
1806,Inglaterra,Definitivamente no,Portugal,Una selección nacional,Producto gratis,Sí,No
1807,Argentina,Definitivamente sí,Francia,Historias de aficionados,Producto gratis,No,No
1808,Estados Unidos,Probablemente sí,Inglaterra,Una selección nacional,2x1,No,Sí
1809,Portugal,Tal vez,Brasil,Premios y sorteos,Tarjetas coleccionables,Sí,Sí
1810,Uruguay,Definitivamente sí, MÉXICO ,Humor,Producto gratis,Sí,Sí
1811,Inglaterra,Probablemente no,México,Un jugador famoso,Sorteo de camisetas,Sí,Sí
1812,Brasil,Probablemente sí,España,Una selección nacional,Sorteo de camisetas,Sí,No
1813,Argentina,Definitivamente sí,Francia,Un jugador famoso,Descuento directo,No,No
1814,Francia,Probablemente sí,México,Premios y sorteos,Tarjetas coleccionables,Sí,Sí
1815,South Africa,Probablemente sí,Brasil,Un jugador famoso,2x1,Sí,Sí
1816,Brasil,Definitivamente no, COLOMBIA ,Una selección nacional,Producto gratis,Sí,No
1817,Francia,Probablemente sí,México,Premios y sorteos,2x1,Sí,No
1818, BRASIL ,Probablemente sí,Estados Unidos,Una selección nacional,Producto gratis,Sí,No
1819,Argentina,Definitivamente sí,Austria,Premios y sorteos,Tarjetas coleccionables,Sí,No
1820,Brasil,Tal vez,Francia,Un jugador famoso,Producto gratis,Sí,Sí
1821,Portugal,Tal vez,Francia,Humor,Tarjetas coleccionables,Sí,No
1822,México,Tal vez,Argentina,Una selección nacional,2x1,Sí,Sí
1823,México,Definitivamente sí,Inglaterra,Premios y sorteos,Producto gratis,Sí,Sí
1824,Portugal,Probablemente sí,Argentina,Premios y sorteos,Producto gratis,Sí,Sí
1825,Portugal,Probablemente sí,Inglaterra,Historias de aficionados,Tarjetas coleccionables,No,Sí
1826,Francia,Probablemente sí,Francia,Un jugador famoso,2x1,No,Sí
1827,México,Tal vez,Túnez,Historias de aficionados,Tarjetas coleccionables,Sí,No
1828,Brasil,Probablemente sí,Inglaterra,Premios y sorteos,Tarjetas coleccionables,Sí,Sí
1829,España,Definitivamente sí,Inglaterra,Una selección nacional,Sorteo de viajes,Sí,Sí
1830,Irak,Tal vez,Alemania,Una selección nacional,Sorteo de camisetas,Sí,Sí
1831,Bélgica,Probablemente sí,Inglaterra,Historias de aficionados,Sorteo de camisetas,Sí,No
1832,Estados Unidos,Definitivamente sí,España,Premios y sorteos,Sorteo de viajes,Sí,Sí
1833,Brasil,Probablemente no,Portugal,Premios y sorteos,Descuento directo,Sí,No
1834,Portugal,Tal vez,Brasil,Un jugador famoso,Descuento directo,Sí,No
1835,México,Probablemente sí,Alemania,Premios y sorteos,2x1,Sí,Sí
1836,México,Tal vez,México,Un jugador famoso,Producto gratis,Sí,Sí
1837,Czechia,Probablemente no,Argentina,Premios y sorteos,Descuento directo,Sí,No
1838,Brasil,Definitivamente no,Portugal,Premios y sorteos,Descuento directo,Sí,No
1839,México,Definitivamente no,Brasil,Un jugador famoso,2x1,Sí,Sí
1840,México,Probablemente sí,Argentina,Un jugador famoso,Sorteo de viajes,Sí,Sí
1841,Brasil,Probablemente sí,Argentina,Un jugador famoso,2x1,Sí,No
1842,Alemania,Definitivamente no,Inglaterra,Una selección nacional,Descuento directo,No,Sí
1843,México,Probablemente sí,Argentina,Premios y sorteos,Sorteo de camisetas,Sí,Sí
1844,Alemania,Tal vez,Portugal,Una selección nacional,2x1,Sí,Sí
1845,Argentina,Probablemente no,Brasil,Premios y sorteos,Tarjetas coleccionables,Sí,No
1846,Argentina,Probablemente sí,Argentina,Una selección nacional,Tarjetas coleccionables,Sí,Sí
1847,México,Definitivamente sí,Corea del Sur,Premios y sorteos,Sorteo de camisetas,Sí,No
1848,México,Probablemente no,Canadá,Un jugador famoso,Descuento directo,Sí,Sí
1849, FRANCIA ,Definitivamente no,México,Premios y sorteos,Descuento directo,Sí,No
1850,Panamá,Tal vez,Portugal,Un jugador famoso,Sorteo de viajes,Sí,Sí
1851,Argentina,Probablemente no,Austria,Un jugador famoso,2x1,Sí,Sí
1852,Portugal,Probablemente sí,Estados Unidos,Premios y sorteos,Sorteo de camisetas,Sí,Sí
1853,Inglaterra,Tal vez,Estados Unidos,Historias de aficionados,2x1,Sí,Sí
1854,Brasil,Definitivamente sí,Brasil,Historias de aficionados,2x1,Sí,No
1855,Argentina,Tal vez,Brasil,Una selección nacional,2x1,Sí,Sí
1856,South Africa,Tal vez,Argentina,Premios y sorteos,Tarjetas coleccionables,Sí,No
1857,Francia,Definitivamente sí,España,Una selección nacional,Descuento directo,Sí,No
1858,Argentina,Definitivamente sí, BRASIL ,Premios y sorteos,2x1,Sí,No
1859,México,Probablemente sí,Qatar,Historias de aficionados,Sorteo de balones,Sí,No
1860,México,Definitivamente sí,México,Humor,Tarjetas coleccionables,Sí,Sí
1861,Argentina,Probablemente sí,Francia,Un jugador famoso,Sorteo de viajes,No,Sí
1862,Inglaterra,Probablemente no,Congo DR,Humor,Sorteo de viajes,Sí,Sí
1863,Estados Unidos,Tal vez,Argentina,Humor,Descuento directo,No,Sí
1864,Francia,Probablemente sí, ARGENTINA ,Una selección nacional,Tarjetas coleccionables,Sí,No
1865, MÉXICO ,Tal vez,Argentina,Historias de aficionados,Tarjetas coleccionables,Sí,Sí
1866,Francia,Definitivamente sí,Inglaterra,Historias de aficionados,Sorteo de viajes,Sí,Sí
1867,Brasil,Probablemente sí,España,Una selección nacional,Descuento directo,Sí,No
1868,Estados Unidos,Tal vez,Brasil,Un jugador famoso,Tarjetas coleccionables,No,Sí
1869,Congo DR,Tal vez,Francia,Una selección nacional,2x1,Sí,No
1870,Portugal,Probablemente sí,Francia,Un jugador famoso,Tarjetas coleccionables,Sí,No
1871,España,Definitivamente sí,Portugal,Una selección nacional,Tarjetas coleccionables,Sí,Sí
1872,España,Definitivamente sí,Colombia,Historias de aficionados,Producto gratis,Sí,No
1873,España,Tal vez,No especificado,Una selección nacional,Producto gratis,Sí,Sí
1874,Francia,Probablemente sí,Brasil,Historias de aficionados,2x1,Sí,No
1875,Inglaterra,Probablemente sí,México,Un jugador famoso,2x1,Sí,No
1876,Inglaterra,Definitivamente no,Portugal,Una selección nacional,Producto gratis,Sí,Sí
1877,Portugal,Tal vez,Alemania,Una selección nacional,Tarjetas coleccionables,Sí,No
1878,Francia,Probablemente sí,España,Premios y sorteos,Sorteo de viajes,No,Sí
1879,México,Probablemente no,Alemania,Premios y sorteos,Descuento directo,Sí,Sí
1880,España,Tal vez,Brasil,Premios y sorteos,Descuento directo,Sí,Sí
1881,México,Definitivamente sí,Argentina,Un jugador famoso,Descuento directo,Sí,Sí
1882,Francia,Probablemente sí,No especificado,Historias de aficionados,2x1,Sí,No
1883,Argentina,Tal vez, ESTADOS UNIDOS ,Un jugador famoso,2x1,Sí,Sí
1884,Portugal,Tal vez,Argentina,Un jugador famoso,Tarjetas coleccionables,Sí,Sí
1885,Portugal,Probablemente sí,Francia,Premios y sorteos,Producto gratis,Sí,Sí
1886,México,Definitivamente sí,Francia,Una selección nacional,2x1,Sí,Sí
1887,Portugal,Tal vez,Argentina,Una selección nacional,Producto gratis,No,Sí
1888,Inglaterra,Probablemente sí,Brasil,Premios y sorteos,Sorteo de balones,Sí,Sí
1889,Estados Unidos,Probablemente sí,Argentina,Humor,2x1,Sí,No
1890,Argentina,Definitivamente no,Argentina,Historias de aficionados,2x1,Sí,No
1891,Marruecos,Definitivamente sí,Estados Unidos,Premios y sorteos,Producto gratis,Sí,Sí
1892,España,Probablemente sí,Francia,Premios y sorteos,Sorteo de viajes,Sí,No
1893,México,Probablemente sí,Alemania,Humor,Sorteo de balones,Sí,Sí
1894,Argentina,Definitivamente sí,Portugal,Historias de aficionados,2x1,Sí,Sí
1895,Brasil,Probablemente sí,México,Una selección nacional,Sorteo de balones,No,Sí
1896,Portugal,Definitivamente no,Argentina,Un jugador famoso,Producto gratis,Sí,No
1897,Brasil,Definitivamente sí,Portugal,Un jugador famoso,2x1,Sí,No
1898,Inglaterra,Definitivamente sí,España,Humor,Descuento directo,Sí,No
1899,Francia,Definitivamente sí,Brasil,Humor,Sorteo de camisetas,Sí,Sí
1900,Argentina,Definitivamente sí,Brasil,Un jugador famoso,Tarjetas coleccionables,Sí,No
1901,Francia,Tal vez,Brasil,Un jugador famoso,2x1,No,Sí
1902,Inglaterra,Definitivamente sí,México,Premios y sorteos,Producto gratis,Sí,No
1903,Alemania,Definitivamente sí,España,Historias de aficionados,Descuento directo,Sí,No
1904,Brasil,Probablemente sí,México,Premios y sorteos,Sorteo de viajes,Sí,Sí
1905,Portugal,Tal vez,Congo DR,Un jugador famoso,Tarjetas coleccionables,Sí,Sí
1906,Portugal,Probablemente no,Alemania,Una selección nacional,2x1,Sí,No
1907,México,Probablemente no,México,Un jugador famoso,Descuento directo,Sí,No
1908,Portugal,Definitivamente sí,Brasil,Un jugador famoso,Sorteo de viajes,Sí,No
1909,Brasil,Definitivamente no,Argentina,Un jugador famoso,Producto gratis,Sí,Sí
1910, ALEMANIA ,Tal vez,Brasil,Historias de aficionados,Producto gratis,Sí,No
1911,Argentina,Probablemente sí,Uruguay,Un jugador famoso,Sorteo de balones,Sí,Sí
1912,Uruguay,Probablemente no,Portugal,Premios y sorteos,Descuento directo,Sí,No
1913,Francia,Probablemente sí,Argentina,Una selección nacional,Sorteo de balones,Sí,Sí
1914,Brasil,Tal vez,México,Una selección nacional,2x1,Sí,No
1915,Francia,Definitivamente sí,Ghana,Un jugador famoso,Descuento directo,Sí,Sí
1916,Francia,Tal vez,Argentina,Un jugador famoso,Sorteo de viajes,Sí,Sí
1917,Argentina,Probablemente sí,Argentina,Historias de aficionados,Descuento directo,Sí,Sí
1918,Portugal,Tal vez,Inglaterra,Un jugador famoso,Tarjetas coleccionables,Sí,Sí
1919,Argentina,Probablemente sí,Colombia,Un jugador famoso,Sorteo de balones,Sí,Sí
1920,Francia,Tal vez,Argentina,Un jugador famoso,2x1,Sí,Sí
1921,Alemania,Probablemente sí,Brasil,Historias de aficionados,Sorteo de viajes,Sí,Sí
1922,Uruguay,Definitivamente sí,Egipto,Una selección nacional,Sorteo de camisetas,Sí,Sí
1923,Alemania,Probablemente sí,Francia,Historias de aficionados,Sorteo de balones,Sí,Sí
1924,España,Definitivamente sí,Francia,Humor,2x1,Sí,No
1925,Colombia,Definitivamente no,Portugal,Humor,Sorteo de viajes,Sí,No
1926,España,Probablemente sí,México,Un jugador famoso,Sorteo de camisetas,Sí,Sí
1927,Argentina,Tal vez,Haití,Una selección nacional,2x1,Sí,No
1928,Portugal,Probablemente sí,Portugal,Humor,Producto gratis,No,Sí
1929,México,Definitivamente sí,Argentina,Un jugador famoso,Tarjetas coleccionables,Sí,No
1930,España,Definitivamente sí,Portugal,Un jugador famoso,Sorteo de viajes,No,Sí
1931,Inglaterra,Definitivamente sí,Senegal,Una selección nacional,2x1,Sí,Sí
1932,México,Definitivamente no,Argentina,Un jugador famoso,Tarjetas coleccionables,No,Sí
1933,Estados Unidos,Definitivamente sí,Brasil,Un jugador famoso,Sorteo de balones,Sí,Sí
1934,Portugal,Probablemente sí,Bélgica,Un jugador famoso,Producto gratis,Sí,No
1935,Francia,Definitivamente sí,México,Un jugador famoso,2x1,Sí,Sí
1936,Uruguay,Probablemente no,España,Humor,Producto gratis,Sí,Sí
1937,México,Probablemente sí,Francia,Una selección nacional,2x1,Sí,Sí
1938,Francia,Probablemente sí,Argelia,Una selección nacional,Tarjetas coleccionables,Sí,Sí
1939,Francia,Tal vez,Inglaterra,Premios y sorteos,2x1,No,No
1940,Inglaterra,Probablemente sí,Argentina,Premios y sorteos,Descuento directo,Sí,No
1941,Argentina,Probablemente sí,Argentina,Una selección nacional,2x1,Sí,Sí
1942,México,Definitivamente sí,Argentina,Premios y sorteos,Descuento directo,Sí,No
1943,Francia,Definitivamente sí,Alemania,Una selección nacional,2x1,Sí,Sí
1944,España,Probablemente sí,Inglaterra,Premios y sorteos,Tarjetas coleccionables,Sí,No
1945,Brasil,Probablemente sí,Argentina,Humor,Descuento directo,Sí,No
1946,Francia,Probablemente sí,Argentina,Un jugador famoso,Tarjetas coleccionables,Sí,Sí
1947,México,Definitivamente sí,Francia,Premios y sorteos,2x1,Sí,Sí
1948,Francia,Probablemente no,Francia,Premios y sorteos,Producto gratis,Sí,Sí
1949,Portugal,Tal vez,Argentina,Historias de aficionados,2x1,Sí,Sí
1950,Inglaterra,Definitivamente sí,Francia,Un jugador famoso,2x1,No,Sí
1951,Brasil,Probablemente sí,Portugal,Humor,Sorteo de camisetas,Sí,Sí
1952,México,Definitivamente sí,España,Historias de aficionados,2x1,Sí,No
1953,Francia,Probablemente sí,Brasil,Premios y sorteos,2x1,Sí,Sí
1954,Brasil,Definitivamente no,Inglaterra,Premios y sorteos,Sorteo de viajes,Sí,Sí
1955,Argentina,Probablemente sí,Argentina,Un jugador famoso,Sorteo de viajes,No,No
1956,Costa de Marfil,Tal vez,Argentina,Historias de aficionados,Sorteo de balones,Sí,Sí
1957, BRASIL ,Probablemente no,Francia,Humor,Sorteo de camisetas,Sí,Sí
1958,Francia,Definitivamente no,Francia,Premios y sorteos,Tarjetas coleccionables,Sí,No
1959,Argentina,Definitivamente sí,Francia,Una selección nacional,Sorteo de viajes,Sí,Sí
1960,España,Probablemente sí,España,Humor,Descuento directo,Sí,Sí
1961,Argentina,Tal vez,Ecuador,Historias de aficionados,Descuento directo,Sí,No
1962,Qatar,Tal vez,Suecia,Una selección nacional,Tarjetas coleccionables,No,Sí
1963,Francia,Tal vez,México,Premios y sorteos,Descuento directo,Sí,Sí
1964,Brasil,Probablemente no,Argentina,Una selección nacional,Tarjetas coleccionables,Sí,No
1965,Inglaterra,Definitivamente sí,España,Premios y sorteos,2x1,No,Sí
1966,Portugal,Tal vez,Haití,Historias de aficionados,Sorteo de camisetas,Sí,Sí
1967,South Africa,Probablemente sí,España,Una selección nacional,Sorteo de camisetas,Sí,Sí
1968, BRASIL ,Probablemente no,Brasil,Historias de aficionados,Tarjetas coleccionables,Sí,Sí
1969,Argentina,Definitivamente sí,Argentina,Un jugador famoso,Tarjetas coleccionables,No,Sí
1970,Qatar,Definitivamente sí,Argentina,Un jugador famoso,Sorteo de camisetas,Sí,Sí
1971,Portugal,Definitivamente no,México,Premios y sorteos,Descuento directo,Sí,Sí
1972,Brasil,Tal vez,México,Un jugador famoso,Producto gratis,Sí,Sí
1973,Inglaterra,Probablemente sí,Portugal,Historias de aficionados,Sorteo de viajes,No,Sí
1974,Australia,Definitivamente sí,Brasil,Una selección nacional,Sorteo de camisetas,Sí,Sí
1975,México,Probablemente sí,Brasil,Una selección nacional,Sorteo de camisetas,No,Sí
1976,Brasil,Probablemente sí,Alemania,Un jugador famoso,Tarjetas coleccionables,Sí,Sí
1977,Uruguay,Definitivamente sí,Brasil,Premios y sorteos,Descuento directo,Sí,No
1978,Francia,Tal vez,Portugal,Premios y sorteos,2x1,Sí,No
1979,Argentina,Definitivamente sí,Inglaterra,Una selección nacional,Sorteo de camisetas,Sí,Sí
1980,Haití,Tal vez,Congo DR,Humor,2x1,Sí,No
1981,España,Probablemente sí,Cabo Verde,Una selección nacional,Sorteo de viajes,Sí,No
1982,Alemania,Probablemente sí,México,Una selección nacional,Descuento directo,Sí,Sí
1983,Brasil,Definitivamente sí,Argentina,Un jugador famoso,2x1,Sí,No
1984,Inglaterra,Definitivamente sí,Argentina,Un jugador famoso,Producto gratis,Sí,Sí
1985,Argentina,Probablemente sí,Portugal,Un jugador famoso,2x1,Sí,Sí
1986,Francia,Probablemente sí,México,Un jugador famoso,Descuento directo,Sí,No
1987,Brasil,Probablemente sí,Brasil,Una selección nacional,Tarjetas coleccionables,Sí,Sí
1988,Brasil,Definitivamente no,Argentina,Una selección nacional,2x1,Sí,Sí
1989,México,Probablemente sí,Bosnia y Herzegovina,Una selección nacional,Tarjetas coleccionables,Sí,No
1990,Portugal,Probablemente sí,Inglaterra,Una selección nacional,2x1,Sí,Sí
1991,Alemania,Definitivamente sí,México,Una selección nacional,Producto gratis,Sí,No
1992,Brasil,Probablemente no,Argentina,Un jugador famoso,Sorteo de viajes,Sí,Sí
1993,Croacia,Probablemente no,Portugal,Historias de aficionados,Descuento directo,Sí,No
1994,Brasil,Definitivamente sí,Portugal,Un jugador famoso,Sorteo de camisetas,Sí,No
1995,México,Probablemente no,Argentina,Un jugador famoso,Tarjetas coleccionables,Sí,Sí
1996,México,Definitivamente sí,Estados Unidos,Premios y sorteos,Sorteo de camisetas,Sí,Sí
1997,Brasil,Definitivamente sí,Inglaterra,Un jugador famoso,2x1,Sí,No
1998,Brasil,Definitivamente sí,Brasil,Un jugador famoso,Sorteo de camisetas,Sí,No
1999,Argentina,Definitivamente no,Argentina,Una selección nacional,Descuento directo,Sí,Sí
2000,Uruguay,Tal vez,Argentina,Premios y sorteos,2x1,Sí,Sí
2001,Alemania,Tal vez,Argentina,Un jugador famoso,Sorteo de viajes,Sí,No
2002,Suiza,Tal vez,México,Premios y sorteos,Sorteo de balones,Sí,No
2003,Argentina,Probablemente sí,Alemania,Humor,Sorteo de camisetas,Sí,Sí
2004,Argentina,Tal vez,Estados Unidos,Historias de aficionados,Tarjetas coleccionables,Sí,Sí
2005,Portugal,Probablemente sí,Uruguay,Una selección nacional,Tarjetas coleccionables,Sí,Sí
2006,Estados Unidos,Tal vez,Argentina,Un jugador famoso,Descuento directo,Sí,No
2007,Portugal,Tal vez,España,Un jugador famoso,Tarjetas coleccionables,Sí,No
2008,Brasil,Probablemente sí,Portugal,Una selección nacional,Descuento directo,Sí,Sí
2009,Colombia,Definitivamente sí,México,Un jugador famoso,Sorteo de camisetas,Sí,No
2010,México,Definitivamente sí,Marruecos,Premios y sorteos,Producto gratis,Sí,Sí
2011,Argentina,Definitivamente sí,Argentina,Una selección nacional,2x1,Sí,No
2012,Portugal,Definitivamente sí,Bélgica,Un jugador famoso,Producto gratis,Sí,Sí
2013,Brasil,Probablemente sí,Estados Unidos,Historias de aficionados,Producto gratis,Sí,No
2014,Francia,Definitivamente sí,Alemania,Un jugador famoso,Sorteo de balones,Sí,Sí
2015,Estados Unidos,Probablemente sí,Brasil,Premios y sorteos,Producto gratis,Sí,No
2016,México,Tal vez,Portugal,Un jugador famoso,Producto gratis,Sí,Sí
2017,Inglaterra,Probablemente sí,España,Un jugador famoso,Descuento directo,Sí,No
2018,Francia,Probablemente no,Colombia,Premios y sorteos,2x1,Sí,Sí
2019,Francia,Tal vez,Australia,Premios y sorteos,2x1,Sí,No
2020,Inglaterra,Definitivamente sí,Portugal,Una selección nacional,2x1,Sí,No
2021,Brasil,Tal vez,México,Una selección nacional,Producto gratis,Sí,No
2022,Jordania,Probablemente no,México,Un jugador famoso,Sorteo de viajes,Sí,Sí
2023, TÚNEZ ,Definitivamente sí,Croacia,Humor,Descuento directo,Sí,Sí
2024,Portugal,Probablemente sí,Argentina,Premios y sorteos,2x1,No,No
2025,Estados Unidos,Definitivamente no,Argentina,Humor,2x1,Sí,No
2026,Inglaterra,Probablemente sí,Japón,Una selección nacional,2x1,Sí,No
2027,México,Probablemente sí,Portugal,Humor,Producto gratis,Sí,Sí
2028,España,Tal vez, PORTUGAL ,Un jugador famoso,Producto gratis,Sí,No
2029,México,Tal vez,México,Premios y sorteos,Descuento directo,Sí,Sí
2030,Türkiye,Definitivamente sí,España,Historias de aficionados,Descuento directo,Sí,Sí
2031,México,Definitivamente no,Argentina,Historias de aficionados,Tarjetas coleccionables,No,Sí
2032,Francia,Tal vez,Croacia,Humor,Descuento directo,Sí,Sí
2033,Inglaterra,Probablemente sí,Argelia,Una selección nacional,2x1,Sí,Sí
2034,Argentina,Definitivamente sí,Portugal,Una selección nacional,Tarjetas coleccionables,Sí,No
2035,Argentina,Probablemente sí,No especificado,Una selección nacional,Sorteo de viajes,Sí,No
2036,México,Definitivamente sí, PORTUGAL ,Premios y sorteos,Sorteo de balones,No,Sí
2037,Colombia,Probablemente no,Brasil,Historias de aficionados,Descuento directo,Sí,Sí
2038,Brasil,Tal vez,España,Un jugador famoso,2x1,Sí,Sí
2039,Argentina,Probablemente sí,Brasil,Un jugador famoso,Tarjetas coleccionables,Sí,No
2040,Alemania,Definitivamente no,Portugal,Una selección nacional,Descuento directo,Sí,No
2041,Brasil,Tal vez,México,Humor,Tarjetas coleccionables,Sí,No
2042,Argentina,Tal vez,Portugal,Premios y sorteos,2x1,Sí,Sí
2043,España,Probablemente no,Inglaterra,Premios y sorteos,Descuento directo,Sí,No
2044,Argentina,Probablemente sí,España,Humor,Tarjetas coleccionables,Sí,No
2045,Brasil,Tal vez,Haití,Humor,Tarjetas coleccionables,Sí,No
2046,España,Definitivamente sí,Escocia,Premios y sorteos,Producto gratis,Sí,Sí
2047,Portugal,Probablemente no,México,Historias de aficionados,2x1,Sí,Sí
2048,México,Probablemente sí,México,Un jugador famoso,Descuento directo,Sí,No
2049,Inglaterra,Definitivamente no,España,Humor,Sorteo de camisetas,Sí,Sí
2050,Francia,Definitivamente sí,Francia,Premios y sorteos,Tarjetas coleccionables,Sí,Sí
2051,Panamá,Definitivamente sí,Inglaterra,Premios y sorteos,Sorteo de camisetas,Sí,Sí
2052,Arabia Saudita,Probablemente sí,España,Un jugador famoso,Tarjetas coleccionables,Sí,Sí
2053,México,Probablemente sí,España,Una selección nacional,Producto gratis,Sí,Sí
2054,Portugal,Definitivamente no,Brasil,Premios y sorteos,Sorteo de camisetas,Sí,Sí
2055,España,Definitivamente sí,Brasil,Un jugador famoso,Descuento directo,Sí,No
2056,Argentina,Definitivamente sí,South Africa,Una selección nacional,2x1,Sí,No
2057,México,Probablemente no,España,Historias de aficionados,Producto gratis,Sí,No
2058,Alemania,Tal vez,Estados Unidos,Un jugador famoso,Descuento directo,Sí,Sí
2059,México,Probablemente sí,Suiza,Humor,Tarjetas coleccionables,Sí,Sí
2060,Francia,Tal vez,Portugal,Un jugador famoso,Descuento directo,Sí,No
2061,Portugal,Tal vez,Panamá,Historias de aficionados,Descuento directo,Sí,Sí
2062,Inglaterra,Definitivamente sí,Inglaterra,Una selección nacional,Sorteo de viajes,Sí,Sí
2063,Uruguay,Probablemente sí,México,Una selección nacional,Sorteo de camisetas,Sí,Sí
2064,Argentina,Definitivamente no,Argentina,Historias de aficionados,Sorteo de balones,Sí,No
2065,Portugal,Definitivamente no,Argentina,Una selección nacional,Sorteo de camisetas,Sí,No
2066,Inglaterra,Probablemente sí,South Africa,Una selección nacional,Sorteo de viajes,No,Sí
2067, FRANCIA ,Definitivamente sí,Francia,Premios y sorteos,Descuento directo,Sí,No
2068,Portugal,Probablemente sí,Uruguay,Un jugador famoso,Sorteo de camisetas,Sí,Sí
2069,Inglaterra,Tal vez,Argentina,Una selección nacional,Sorteo de viajes,Sí,Sí
2070,Alemania,Tal vez,Argentina,Humor,Producto gratis,Sí,Sí
2071,Argentina,Definitivamente sí,Portugal,Una selección nacional,Sorteo de balones,Sí,No
2072,Francia,Tal vez,México,Una selección nacional,Descuento directo,Sí,Sí
2073,España,Probablemente no,Irán,Historias de aficionados,Descuento directo,Sí,Sí
2074,Brasil,Tal vez,Portugal,Una selección nacional,Tarjetas coleccionables,Sí,Sí
2075,Brasil,Definitivamente sí,Estados Unidos,Premios y sorteos,Descuento directo,Sí,Sí
2076,Argentina,Definitivamente sí,Brasil,Humor,2x1,Sí,Sí
2077,Estados Unidos,Definitivamente sí,Estados Unidos,Humor,Producto gratis,Sí,No
2078,Haití,Definitivamente no,Brasil,Historias de aficionados,Descuento directo,Sí,Sí
2079,Brasil,Tal vez,Argentina,Historias de aficionados,Descuento directo,Sí,Sí
2080,Argentina,Tal vez,Estados Unidos,Humor,2x1,Sí,Sí
2081,Portugal,Definitivamente sí,Argentina,Humor,Sorteo de viajes,Sí,Sí
2082,Czechia,Definitivamente sí,Colombia,Un jugador famoso,Producto gratis,Sí,Sí
2083,Inglaterra,Probablemente no,Argentina,Un jugador famoso,Producto gratis,Sí,No
2084,Argentina,Definitivamente no,México,Un jugador famoso,2x1,Sí,No
2085,Brasil,Definitivamente sí,Brasil,Premios y sorteos,Descuento directo,Sí,Sí
2086,Colombia,Probablemente sí,Brasil,Premios y sorteos,Descuento directo,Sí,Sí
2087,Brasil,Definitivamente sí,Francia,Humor,Descuento directo,Sí,No
2088,Brasil,Definitivamente no,Portugal,Humor,Producto gratis,Sí,No
2089,Argentina,Definitivamente no,Argentina,Una selección nacional,Tarjetas coleccionables,Sí,Sí
2090,Portugal,Tal vez,Argentina,Una selección nacional,Tarjetas coleccionables,Sí,Sí
2091,España,Probablemente no,Francia,Historias de aficionados,Descuento directo,Sí,Sí
2092,Brasil,Probablemente sí,Brasil,Una selección nacional,Producto gratis,Sí,Sí
2093,Portugal,Probablemente sí, PORTUGAL ,Premios y sorteos,Sorteo de camisetas,Sí,Sí
2094,Francia,Definitivamente sí,Argentina,Un jugador famoso,Producto gratis,Sí,No
2095,México,Definitivamente sí,Francia,Una selección nacional,Producto gratis,No,Sí
2096,México,Definitivamente sí,Argentina,Una selección nacional,Sorteo de camisetas,Sí,Sí
2097,Argentina,Tal vez,México,Humor,Descuento directo,Sí,Sí
2098,Alemania,Definitivamente no,Inglaterra,Premios y sorteos,Sorteo de camisetas,No,No
2099,Brasil,Definitivamente no,Uruguay,Premios y sorteos,Producto gratis,Sí,No
2100,Portugal,Definitivamente sí,Argelia,Humor,Sorteo de camisetas,Sí,Sí
2101,Países Bajos,Definitivamente sí,Croacia,Una selección nacional,Sorteo de camisetas,Sí,No
2102,España,Definitivamente sí,Brasil,Una selección nacional,Producto gratis,Sí,No
2103,Estados Unidos,Tal vez,España,Una selección nacional,Sorteo de balones,Sí,No
2104,Argentina,Probablemente sí,Argentina,Un jugador famoso,2x1,Sí,No
2105,Brasil,Probablemente sí,Uruguay,Humor,Sorteo de balones,No,No
2106,España,Definitivamente sí, INGLATERRA ,Una selección nacional,Sorteo de camisetas,Sí,Sí
2107,Portugal,Probablemente sí,Uruguay,Historias de aficionados,Tarjetas coleccionables,Sí,Sí
2108, COLOMBIA ,Probablemente sí,Uruguay,Humor,2x1,No,No
2109,Brasil,Probablemente no,Colombia,Un jugador famoso,Tarjetas coleccionables,Sí,Sí
2110,Inglaterra,Probablemente sí,Inglaterra,Humor,Descuento directo,Sí,Sí
2111,España,Tal vez,Argentina,Un jugador famoso,Descuento directo,Sí,Sí
2112,Argentina,Definitivamente sí,Argentina,Historias de aficionados,Descuento directo,Sí,No
2113,Brasil,Probablemente no,México,Una selección nacional,2x1,Sí,No
2114, ESTADOS UNIDOS ,Probablemente sí,Brasil,Un jugador famoso,Producto gratis,Sí,Sí
2115,Argentina,Tal vez,México,Una selección nacional,Descuento directo,Sí,Sí
2116,México,Probablemente sí,Inglaterra,Un jugador famoso,2x1,Sí,Sí
2117,España,Tal vez,México,Premios y sorteos,Producto gratis,Sí,Sí
2118,Francia,Tal vez,Francia,Un jugador famoso,2x1,Sí,Sí
2119,España,Probablemente sí,Argentina,Una selección nacional,2x1,Sí,No
2120,Colombia,Probablemente sí,Argentina,Premios y sorteos,Descuento directo,No,Sí
2121,México,Probablemente sí,España,Una selección nacional,2x1,No,No
2122,Portugal,Definitivamente sí,Portugal,Premios y sorteos,Descuento directo,Sí,Sí
2123,Argentina,Definitivamente sí,Inglaterra,Un jugador famoso,Tarjetas coleccionables,Sí,Sí
2124, URUGUAY ,Definitivamente sí,Portugal,Humor,Tarjetas coleccionables,Sí,No
2125,Estados Unidos,Probablemente sí,México,Un jugador famoso,Sorteo de camisetas,Sí,Sí
2126,Inglaterra,Probablemente no,Inglaterra,Una selección nacional,Sorteo de viajes,Sí,No
2127,Nueva Zelanda,Probablemente sí,Argentina,Un jugador famoso,2x1,Sí,Sí
2128,Alemania,Probablemente sí,Portugal,Un jugador famoso,2x1,No,No
2129,España,Tal vez,Argentina,Una selección nacional,Tarjetas coleccionables,Sí,Sí
2130,Portugal,Probablemente sí,Portugal,Una selección nacional,Producto gratis,Sí,Sí
2131,Brasil,Definitivamente sí, SUECIA ,Un jugador famoso,2x1,Sí,No
2132,Argentina,Definitivamente sí,Inglaterra,Un jugador famoso,2x1,Sí,Sí
2133,Portugal,Definitivamente sí,Australia,Premios y sorteos,2x1,Sí,Sí
2134,España,Tal vez,Escocia,Premios y sorteos,Tarjetas coleccionables,Sí,Sí
2135,México,Definitivamente sí,Brasil,Historias de aficionados,Descuento directo,Sí,Sí
2136,México,Definitivamente no,Argentina,Un jugador famoso,Tarjetas coleccionables,Sí,No
2137,Brasil,Probablemente no,México,Un jugador famoso,Tarjetas coleccionables,Sí,Sí
2138,Nueva Zelanda,Tal vez,Colombia,Un jugador famoso,Tarjetas coleccionables,Sí,Sí
2139,México,Definitivamente sí,Argentina,Un jugador famoso,2x1,Sí,Sí
2140,Brasil,Probablemente no,México,Humor,2x1,Sí,Sí
2141,Argentina,Probablemente sí,Canadá,Una selección nacional,Descuento directo,Sí,No
2142,España,Probablemente sí,Inglaterra,Una selección nacional,Sorteo de balones,Sí,Sí
2143,Estados Unidos,Definitivamente sí,Inglaterra,Premios y sorteos,2x1,Sí,Sí
2144,Nueva Zelanda,Probablemente no,Canadá,Una selección nacional,2x1,No,No
2145,Colombia,Tal vez,Estados Unidos,Humor,Sorteo de viajes,Sí,Sí
2146,Argentina,Probablemente sí,Argentina,Una selección nacional,Sorteo de camisetas,Sí,Sí
2147,Corea del Sur,Definitivamente no,Argentina,Un jugador famoso,Descuento directo,Sí,Sí
2148,Inglaterra,Probablemente sí,Argentina,Una selección nacional,Tarjetas coleccionables,Sí,No
2149,España,Definitivamente sí,Argentina,Una selección nacional,Sorteo de viajes,No,No
2150,Alemania,Probablemente sí,Argentina,Historias de aficionados,Sorteo de camisetas,Sí,Sí
2151,Inglaterra,Tal vez, ESTADOS UNIDOS ,Historias de aficionados,Sorteo de viajes,Sí,No
2152,Inglaterra,Tal vez,Portugal,Un jugador famoso,Sorteo de camisetas,Sí,No
2153,Inglaterra,Definitivamente sí, MÉXICO ,Un jugador famoso,2x1,Sí,Sí
2154,Francia,Definitivamente sí,Portugal,Historias de aficionados,Sorteo de viajes,Sí,Sí
2155,Cabo Verde,Tal vez,Inglaterra,Premios y sorteos,Descuento directo,Sí,No
2156,Portugal,Definitivamente no,No especificado,Un jugador famoso,Sorteo de viajes,Sí,Sí
2157,Francia,Tal vez,Czechia,Humor,Producto gratis,Sí,Sí
2158,Francia,Definitivamente sí,Francia,Una selección nacional,Sorteo de balones,Sí,Sí
2159,Argentina,Probablemente sí,España,Historias de aficionados,Producto gratis,Sí,No
2160,Francia,Tal vez,Brasil,Premios y sorteos,2x1,Sí,Sí
2161,México,Definitivamente no,Argentina,Humor,Sorteo de viajes,Sí,Sí
2162,Brasil,Probablemente sí,Brasil,Un jugador famoso,2x1,Sí,Sí
2163, BRASIL ,Definitivamente sí,Panamá,Historias de aficionados,Tarjetas coleccionables,Sí,No
2164,España,Tal vez,España,Una selección nacional,Descuento directo,Sí,Sí
2165,Estados Unidos,Definitivamente no,Argentina,Historias de aficionados,Descuento directo,Sí,Sí
2166,Portugal,Probablemente sí,Alemania,Un jugador famoso,Sorteo de balones,Sí,Sí
2167,Argentina,Definitivamente sí,Estados Unidos,Un jugador famoso,Tarjetas coleccionables,Sí,Sí
2168,Inglaterra,Tal vez,Portugal,Un jugador famoso,Producto gratis,Sí,Sí
2169,Estados Unidos,Probablemente no,Czechia,Humor,Tarjetas coleccionables,Sí,No
2170,Inglaterra,Definitivamente sí,Portugal,Historias de aficionados,Sorteo de viajes,Sí,Sí
2171,México,Tal vez,Uruguay,Un jugador famoso,2x1,Sí,Sí
2172,Alemania,Tal vez,España,Premios y sorteos,Sorteo de viajes,Sí,Sí
2173, CROACIA ,Definitivamente no,Argentina,Historias de aficionados,Tarjetas coleccionables,Sí,Sí
2174,Türkiye,Tal vez,Argentina,Premios y sorteos,2x1,Sí,Sí
2175,Argentina,Definitivamente sí,Alemania,Una selección nacional,2x1,No,No
2176,Portugal,Tal vez,Argentina,Una selección nacional,Tarjetas coleccionables,Sí,No
2177,Portugal,Definitivamente sí,Uruguay,Una selección nacional,Descuento directo,Sí,No
2178,Japón,Probablemente sí,Brasil,Premios y sorteos,Sorteo de balones,Sí,Sí
2179,Inglaterra,Definitivamente sí,Francia,Un jugador famoso,2x1,Sí,Sí
2180,Inglaterra,Probablemente sí,Alemania,Un jugador famoso,Sorteo de camisetas,Sí,No
2181,España,Tal vez,Portugal,Un jugador famoso,2x1,No,Sí
2182,Brasil,Probablemente sí,Brasil,Humor,2x1,No,Sí
2183, MÉXICO ,Tal vez,Francia,Premios y sorteos,2x1,Sí,Sí
2184,Francia,Probablemente sí,Inglaterra,Premios y sorteos,Descuento directo,Sí,Sí
2185,Brasil,Probablemente no,Francia,Historias de aficionados,Sorteo de viajes,No,Sí
2186,Czechia,Probablemente sí,Francia,Historias de aficionados,Sorteo de camisetas,Sí,Sí
2187,Estados Unidos,Definitivamente sí,España,Un jugador famoso,Sorteo de viajes,No,No
2188,España,Probablemente sí,Colombia,Una selección nacional,Tarjetas coleccionables,Sí,Sí
2189,España,Tal vez,Francia,Una selección nacional,Tarjetas coleccionables,Sí,Sí
2190,México,Definitivamente sí,Colombia,Premios y sorteos,Sorteo de camisetas,Sí,Sí
2191,España,Tal vez,Argentina,Un jugador famoso,Tarjetas coleccionables,No,No
2192,Francia,Probablemente no,México,Historias de aficionados,Sorteo de viajes,Sí,Sí
2193,Francia,Probablemente sí,Senegal,Historias de aficionados,2x1,Sí,Sí
2194,Uruguay,Tal vez,Uruguay,Un jugador famoso,Sorteo de camisetas,Sí,No
2195,Países Bajos,Tal vez,Brasil,Una selección nacional,Sorteo de camisetas,Sí,No
2196,Argentina,Probablemente no, ARGENTINA ,Premios y sorteos,Producto gratis,Sí,Sí
2197,Francia,Definitivamente no,Uruguay,Historias de aficionados,2x1,Sí,Sí
2198,Croacia,Probablemente sí,Argentina,Un jugador famoso,Producto gratis,Sí,No
2199,Francia,Definitivamente sí,Brasil,Un jugador famoso,Sorteo de camisetas,Sí,No
2200,México,Definitivamente sí,Brasil,Un jugador famoso,Descuento directo,Sí,Sí
2201,España,Probablemente sí,Inglaterra,Premios y sorteos,2x1,No,Sí
2202,Portugal,Probablemente sí,Inglaterra,Premios y sorteos,2x1,Sí,No
2203,Francia,Tal vez,Brasil,Un jugador famoso,2x1,Sí,Sí
2204,México,Tal vez,Brasil,Una selección nacional,Tarjetas coleccionables,Sí,No
2205,Francia,Definitivamente sí,España,Un jugador famoso,Producto gratis,Sí,No
2206,México,Tal vez,Inglaterra,Humor,2x1,Sí,Sí
2207,Argentina,Definitivamente sí,Argentina,Una selección nacional,Tarjetas coleccionables,Sí,Sí
2208,México,Probablemente sí,Argentina,Un jugador famoso,Sorteo de viajes,No,Sí
2209,Brasil,Definitivamente no,Marruecos,Un jugador famoso,2x1,No,Sí
2210, ARGENTINA ,Definitivamente sí,Portugal,Un jugador famoso,2x1,Sí,Sí
2211,Uruguay,Tal vez,Portugal,Una selección nacional,Sorteo de camisetas,Sí,Sí
2212,México,Definitivamente sí,Colombia,Un jugador famoso,Producto gratis,No,No
2213,Uruguay,Probablemente no,Colombia,Historias de aficionados,Sorteo de viajes,Sí,No
2214,Argentina,Tal vez,Argentina,Premios y sorteos,2x1,Sí,No
2215,México,Definitivamente sí,Francia,Premios y sorteos,Tarjetas coleccionables,Sí,No
2216,Brasil,Definitivamente sí,Francia,Un jugador famoso,2x1,Sí,Sí
2217,Francia,Tal vez,Portugal,Premios y sorteos,Producto gratis,Sí,Sí
2218,Brasil,Probablemente sí,Portugal,Una selección nacional,Sorteo de balones,Sí,Sí
2219,España,Definitivamente sí,México,Un jugador famoso,Tarjetas coleccionables,Sí,Sí
2220,Brasil,Probablemente no,Colombia,Un jugador famoso,Producto gratis,Sí,Sí
2221,México,Definitivamente sí,Portugal,Un jugador famoso,2x1,Sí,Sí
2222,Colombia,Tal vez,Portugal,Humor,Sorteo de viajes,Sí,No
2223,Brasil,Probablemente sí,México,Una selección nacional,Sorteo de balones,Sí,No
2224,Inglaterra,Tal vez,Brasil,Una selección nacional,Descuento directo,Sí,Sí
2225,México,Probablemente no,Argentina,Una selección nacional,2x1,Sí,Sí
2226,Brasil,Definitivamente sí,Francia,Premios y sorteos,Tarjetas coleccionables,Sí,No
2227,Brasil,Probablemente sí,Uruguay,Un jugador famoso,Sorteo de balones,Sí,No
2228,Argentina,Probablemente sí,Inglaterra,Un jugador famoso,2x1,Sí,No
2229,Portugal,Probablemente no,Argentina,Historias de aficionados,Sorteo de balones,Sí,No
2230,Portugal,Tal vez,Francia,Humor,Descuento directo,Sí,No
2231,Francia,Tal vez,Francia,Historias de aficionados,2x1,Sí,Sí
2232,Brasil,Probablemente sí,México,Un jugador famoso,Descuento directo,Sí,Sí
2233,Estados Unidos,Definitivamente sí,Estados Unidos,Humor,2x1,Sí,No
2234,Argentina,Definitivamente sí,Portugal,Premios y sorteos,Descuento directo,Sí,Sí
2235,Irán,Tal vez,Francia,Historias de aficionados,Tarjetas coleccionables,Sí,Sí
2236,Inglaterra,Tal vez,Argentina,Humor,Descuento directo,Sí,No
2237,Brasil,Tal vez,Brasil,Un jugador famoso,Producto gratis,Sí,No
2238,México,Definitivamente no,Ecuador,Una selección nacional,2x1,Sí,Sí
2239,Brasil,Definitivamente sí,España,Un jugador famoso,Producto gratis,No,Sí
2240,Inglaterra,Tal vez,Argentina,Historias de aficionados,Tarjetas coleccionables,Sí,Sí
2241,Alemania,Definitivamente sí,Brasil,Historias de aficionados,Producto gratis,Sí,Sí
2242,Cabo Verde,Tal vez,México,Humor,Producto gratis,Sí,No
2243,México,Probablemente no,México,Premios y sorteos,2x1,Sí,Sí
2244,Estados Unidos,Definitivamente sí,Argentina,Premios y sorteos,Producto gratis,Sí,Sí
2245,Brasil,Tal vez,Francia,Un jugador famoso,Sorteo de camisetas,Sí,Sí
2246,Argentina,Definitivamente sí,Francia,Premios y sorteos,Sorteo de balones,Sí,Sí
2247,México,Probablemente sí,Uruguay,Humor,Tarjetas coleccionables,Sí,Sí
2248,Brasil,Probablemente sí,Francia,Humor,Producto gratis,Sí,No
2249,Argentina,Tal vez,Brasil,Una selección nacional,Sorteo de viajes,Sí,Sí
2250,Argentina,Definitivamente sí,Argentina,Historias de aficionados,2x1,Sí,Sí
2251,Francia,Tal vez,Brasil,Un jugador famoso,Descuento directo,No,No
2252,México,Definitivamente sí,Brasil,Un jugador famoso,Sorteo de camisetas,Sí,Sí
2253,Inglaterra,Definitivamente no,Estados Unidos,Una selección nacional,Tarjetas coleccionables,Sí,Sí
2254,Estados Unidos,Probablemente sí,Colombia,Una selección nacional,Sorteo de camisetas,Sí,Sí
2255,Portugal,Probablemente sí,Francia,Un jugador famoso,Tarjetas coleccionables,Sí,Sí
2256,Estados Unidos,Tal vez,México,Una selección nacional,2x1,Sí,No
2257,España,Tal vez,España,Un jugador famoso,Sorteo de camisetas,Sí,No
2258,Argentina,Probablemente sí,Estados Unidos,Premios y sorteos,2x1,Sí,Sí
2259,Argentina,Probablemente no, ARGENTINA ,Una selección nacional,2x1,Sí,Sí
2260,Portugal,Definitivamente sí,Argentina,Un jugador famoso,Descuento directo,Sí,No
2261,Estados Unidos,Definitivamente sí,Francia,Premios y sorteos,Tarjetas coleccionables,Sí,Sí
2262,Francia,Probablemente no,Estados Unidos,Historias de aficionados,2x1,No,No
2263,Jordania,Probablemente sí,Portugal,Una selección nacional,Sorteo de viajes,Sí,Sí
2264,Alemania,Probablemente sí,Argentina,Humor,Descuento directo,Sí,Sí
2265,España,Probablemente sí,México,Una selección nacional,2x1,Sí,Sí
2266,Argentina,Probablemente sí,Argentina,Historias de aficionados,Sorteo de camisetas,Sí,Sí
2267,España,Definitivamente sí,México,Una selección nacional,2x1,Sí,Sí
2268,Portugal,Tal vez,Inglaterra,Premios y sorteos,2x1,Sí,No
2269,Inglaterra,Probablemente no,Curaçao,Una selección nacional,2x1,Sí,Sí
2270,Brasil,Probablemente sí, ARGENTINA ,Una selección nacional,Producto gratis,Sí,No
2271,Argentina,Tal vez,Jordania,Historias de aficionados,Tarjetas coleccionables,Sí,No
2272,Brasil,Definitivamente sí,Brasil,Un jugador famoso,2x1,Sí,Sí
2273,Portugal,Definitivamente sí,Portugal,Premios y sorteos,Sorteo de camisetas,Sí,Sí
2274,Argentina,Tal vez,Francia,Una selección nacional,Tarjetas coleccionables,Sí,Sí
2275,Argentina,Probablemente sí,México,Un jugador famoso,2x1,Sí,Sí
2276,México,Probablemente no,Argentina,Una selección nacional,Tarjetas coleccionables,Sí,Sí
2277,México,Probablemente sí,Francia,Una selección nacional,Sorteo de camisetas,Sí,No
2278,España,Definitivamente no,Portugal,Historias de aficionados,2x1,Sí,No
2279,Bélgica,Tal vez,México,Una selección nacional,2x1,Sí,Sí
2280,Argentina,Tal vez,Brasil,Una selección nacional,Producto gratis,Sí,No
2281,Inglaterra,Tal vez,Inglaterra,Humor,Descuento directo,Sí,Sí
2282,Alemania,Definitivamente sí,México,Premios y sorteos,Tarjetas coleccionables,Sí,No
2283,Portugal,Tal vez,México,Premios y sorteos,Producto gratis,Sí,No
2284,México,Tal vez,Uruguay,Premios y sorteos,Tarjetas coleccionables,Sí,Sí
2285,España,Definitivamente sí,Francia,Un jugador famoso,2x1,Sí,No
2286,Argentina,Probablemente sí,Alemania,Historias de aficionados,Tarjetas coleccionables,Sí,No
2287,South Africa,Definitivamente no,Francia,Un jugador famoso,Descuento directo,Sí,Sí
2288,España,Tal vez,Portugal,Una selección nacional,Sorteo de balones,Sí,Sí
2289,México,Definitivamente sí,Suecia,Premios y sorteos,Tarjetas coleccionables,Sí,No
2290,Francia,Tal vez,Brasil,Historias de aficionados,Tarjetas coleccionables,Sí,Sí
2291,Argentina,Tal vez,Portugal,Premios y sorteos,Descuento directo,Sí,No
2292,Inglaterra,Tal vez,Argentina,Humor,2x1,Sí,Sí
2293,España,Definitivamente no,Francia,Premios y sorteos,2x1,Sí,Sí
2294,Francia,Probablemente sí,México,Humor,Sorteo de camisetas,Sí,Sí
2295,Alemania,Definitivamente sí,Alemania,Premios y sorteos,Descuento directo,Sí,No
2296, BRASIL ,Definitivamente no,México,Historias de aficionados,Sorteo de viajes,Sí,Sí
2297,Brasil,Definitivamente no,España,Un jugador famoso,2x1,Sí,Sí
2298,Corea del Sur,Probablemente sí,México,Un jugador famoso,2x1,Sí,Sí
2299,Paraguay,Tal vez,Portugal,Una selección nacional,Tarjetas coleccionables,Sí,Sí
2300,México,Definitivamente no,Francia,Un jugador famoso,Sorteo de camisetas,Sí,Sí
2301,Francia,Tal vez,México,Historias de aficionados,Sorteo de camisetas,Sí,Sí
2302,México,Definitivamente sí,Estados Unidos,Una selección nacional,Descuento directo,Sí,Sí
2303, MÉXICO ,Probablemente sí,Colombia,Un jugador famoso,Producto gratis,Sí,Sí
2304,Alemania,Definitivamente no,Portugal,Una selección nacional,Sorteo de viajes,No,Sí
2305,Brasil,Definitivamente sí,Argentina,Humor,Tarjetas coleccionables,Sí,Sí
2306,México,Probablemente sí,Francia,Una selección nacional,Descuento directo,Sí,Sí
2307,Brasil,Probablemente sí, PORTUGAL ,Una selección nacional,Tarjetas coleccionables,Sí,Sí
2308,Brasil,Tal vez,México,Un jugador famoso,Producto gratis,Sí,No
2309,Inglaterra,Probablemente sí,México,Historias de aficionados,Producto gratis,Sí,No
2310,Argentina,Tal vez,Inglaterra,Una selección nacional,Sorteo de camisetas,No,No
2311,Argentina,Tal vez,Portugal,Un jugador famoso,Producto gratis,Sí,Sí
2312,México,Probablemente sí,Argentina,Una selección nacional,Sorteo de camisetas,Sí,Sí
2313,Haití,Definitivamente sí,Brasil,Premios y sorteos,Producto gratis,Sí,No
2314,México,Probablemente sí,Argentina,Humor,Sorteo de viajes,No,Sí
2315,España,Probablemente sí,España,Historias de aficionados,Sorteo de camisetas,No,Sí
2316,México,Definitivamente sí,Alemania,Una selección nacional,Descuento directo,Sí,Sí
2317,Portugal,Tal vez,Inglaterra,Un jugador famoso,2x1,Sí,Sí
2318,Colombia,Definitivamente sí,Argentina,Un jugador famoso,Tarjetas coleccionables,Sí,No
2319, MÉXICO ,Probablemente sí,Brasil,Una selección nacional,Sorteo de balones,Sí,Sí
2320,Brasil,Definitivamente sí,Argentina,Una selección nacional,Producto gratis,Sí,Sí
2321, FRANCIA ,Probablemente no,España,Una selección nacional,Producto gratis,Sí,Sí
2322,España,Probablemente sí,México,Un jugador famoso,2x1,Sí,Sí
2323,Argentina,Probablemente sí,Inglaterra,Un jugador famoso,Sorteo de balones,Sí,Sí
2324,Estados Unidos,Tal vez,España,Historias de aficionados,2x1,Sí,No
2325,Argentina,Probablemente sí,Brasil,Un jugador famoso,Sorteo de viajes,No,Sí
2326,Brasil,Definitivamente sí,Argentina,Una selección nacional,2x1,Sí,No
2327,Colombia,Definitivamente sí,México,Humor,Producto gratis,Sí,No
2328,Alemania,Tal vez,Argentina,Una selección nacional,Producto gratis,Sí,Sí
2329,Francia,Definitivamente no,Estados Unidos,Premios y sorteos,Sorteo de camisetas,Sí,Sí
2330,México,Definitivamente sí,Uruguay,Premios y sorteos,Tarjetas coleccionables,Sí,No
2331,México,Tal vez,Inglaterra,Un jugador famoso,Descuento directo,No,No
2332,España,Definitivamente sí,Argentina,Premios y sorteos,2x1,Sí,No
2333,España,Probablemente sí,Brasil,Humor,Producto gratis,Sí,Sí
2334,España,Probablemente sí,Brasil,Una selección nacional,Descuento directo,Sí,No
2335, ALEMANIA ,Tal vez,Brasil,Una selección nacional,2x1,Sí,No
2336,Argentina,Definitivamente sí,Brasil,Premios y sorteos,Sorteo de viajes,Sí,Sí
2337,Argentina,Definitivamente sí,Portugal,Un jugador famoso,2x1,Sí,No
2338,Francia,Tal vez,Estados Unidos,Una selección nacional,Producto gratis,Sí,No
2339,Nueva Zelanda,Probablemente no,Uruguay,Premios y sorteos,Tarjetas coleccionables,No,Sí
2340,Brasil,Definitivamente no,Portugal,Un jugador famoso,Descuento directo,Sí,No
2341,Colombia,Definitivamente sí,México,Humor,Sorteo de viajes,Sí,Sí
2342,Argentina,Probablemente sí,Brasil,Historias de aficionados,Descuento directo,Sí,No
2343,Colombia,Probablemente no,Uruguay,Una selección nacional,Descuento directo,Sí,No
2344,España,Tal vez,Argentina,Una selección nacional,2x1,No,Sí
2345,México,Probablemente sí,Brasil,Premios y sorteos,Descuento directo,Sí,No
2346,Argentina,Tal vez,Argentina,Una selección nacional,Sorteo de viajes,Sí,Sí
2347,España,Probablemente sí,México,Una selección nacional,Sorteo de balones,Sí,No
2348,Congo DR,Definitivamente sí,Uzbekistán,Historias de aficionados,2x1,Sí,Sí
2349,México,Probablemente sí,Argentina,Historias de aficionados,Tarjetas coleccionables,Sí,No
2350,México,Probablemente sí,Portugal,Premios y sorteos,Sorteo de viajes,No,No
2351,España,Probablemente sí,Argentina,Premios y sorteos,Sorteo de viajes,Sí,No
2352,México,Definitivamente sí,Argentina,Una selección nacional,2x1,Sí,No
2353,Colombia,Probablemente no,Brasil,Premios y sorteos,2x1,Sí,No
2354,Argentina,Tal vez,Costa de Marfil,Un jugador famoso,2x1,Sí,No
2355,Portugal,Probablemente sí, BRASIL ,Un jugador famoso,Descuento directo,Sí,Sí
2356,Brasil,Tal vez, ESPAÑA ,Humor,Descuento directo,Sí,Sí
2357,Estados Unidos,Tal vez,Brasil,Un jugador famoso,Producto gratis,No,No
2358,Alemania,Definitivamente sí,Brasil,Humor,Sorteo de viajes,Sí,Sí
2359,Portugal,Probablemente no,Portugal,Humor,2x1,No,No
2360,Brasil,Probablemente sí,Alemania,Una selección nacional,Producto gratis,Sí,Sí
2361,Estados Unidos,Tal vez,Portugal,Humor,Sorteo de viajes,Sí,Sí
2362,Qatar,Definitivamente no, BRASIL ,Premios y sorteos,Producto gratis,Sí,No
2363,Argentina,Definitivamente sí,Brasil,Humor,Sorteo de viajes,No,No
2364,Portugal,Probablemente sí,México,Premios y sorteos,Producto gratis,Sí,Sí
2365,Argentina,Probablemente no,Marruecos,Premios y sorteos,Tarjetas coleccionables,Sí,Sí
2366,Irak,Probablemente sí,México,Una selección nacional,Sorteo de balones,Sí,Sí
2367,Inglaterra,Probablemente sí,México,Un jugador famoso,Tarjetas coleccionables,Sí,No
2368,Estados Unidos,Probablemente sí,Inglaterra,Un jugador famoso,2x1,Sí,Sí
2369,Portugal,Probablemente sí,Inglaterra,Premios y sorteos,Sorteo de camisetas,Sí,Sí
2370, FRANCIA ,Probablemente no,Argentina,Una selección nacional,Descuento directo,No,Sí
2371,Alemania,Tal vez,España,Un jugador famoso,Tarjetas coleccionables,Sí,Sí
2372,Argentina,Probablemente sí,Canadá,Historias de aficionados,Producto gratis,Sí,Sí
2373,Argentina,Probablemente no,Argentina,Una selección nacional,2x1,Sí,Sí
2374,Brasil,Probablemente no,Brasil,Premios y sorteos,Producto gratis,Sí,Sí
2375,México,Tal vez,Brasil,Premios y sorteos,2x1,Sí,No
2376,Argentina,Tal vez,Argentina,Humor,Descuento directo,Sí,Sí
2377,México,Tal vez,Francia,Un jugador famoso,Tarjetas coleccionables,Sí,No
2378,Portugal,Definitivamente sí,Portugal,Un jugador famoso,2x1,Sí,Sí
