EncuestaID,FechaEncuesta,HoraEncuesta,GeografiaID,DemografiaID,ConsumoID,ProductoID,MarketingID,Cantidad_Encuesta
1,2026-04-15,09:46:21,1,1,1,1,1,1
2,2026-01-26,08:45:33,1,2,2,2,2,1
3,2026-04-22,22:23:58,2,3,3,3,3,1
4,2026-01-28,21:58:00,3,4,4,4,4,1
5,2026-03-04,12:59:08,3,5,5,5,5,1
6,2026-02-05,20:39:21,4,6,6,6,6,1
7,2026-01-20,19:19:11,5,7,7,7,7,1
8,2026-03-30,15:35:48,6,8,8,8,8,1
9,2026-01-11,08:06:15,7,9,9,9,9,1
10,2026-02-21,16:46:49,8,10,10,10,10,1
11,2026-04-04,19:56:16,9,11,11,11,11,1
12,2026-01-29,19:45:23,10,12,12,12,12,1
13,2026-05-05,07:34:13,11,13,13,13,13,1
14,2026-04-28,22:27:22,12,14,14,11,14,1
15,2026-02-10,18:43:52,13,15,15,14,15,1
16,2026-03-23,11:27:17,14,16,16,15,16,1
17,2026-05-08,19:46:11,8,17,17,16,17,1
18,2026-05-10,21:13:38,1,18,18,17,18,1
19,2026-02-11,21:12:23,15,19,19,18,19,1
20,2026-03-31,10:59:38,3,20,20,19,20,1
21,2026-02-17,12:08:17,16,21,21,15,21,1
22,2026-04-16,07:10:32,17,22,22,20,22,1
23,2026-03-30,12:07:11,8,13,23,21,23,1
24,2026-02-11,09:29:29,3,23,24,22,24,1
25,2026-04-16,10:46:54,1,24,25,4,25,1
26,2026-04-18,20:55:47,18,17,19,23,26,1
27,2026-02-06,10:57:28,19,14,26,24,27,1
28,2026-03-14,08:34:22,7,25,27,25,28,1
29,2026-05-01,11:43:51,3,26,8,26,29,1
30,2026-03-09,10:15:42,3,13,28,27,30,1
31,2026-02-17,15:28:47,5,9,29,28,31,1
32,2026-03-16,16:02:47,20,27,30,29,32,1
33,2026-03-18,14:00:26,21,28,31,30,33,1
34,2026-05-02,10:26:15,19,29,32,26,34,1
35,2026-01-12,21:27:56,8,12,26,3,24,1
36,2026-03-24,15:20:27,22,22,22,31,35,1
37,2026-02-19,10:42:21,12,28,33,32,36,1
38,2026-02-28,16:58:55,3,9,34,33,37,1
39,2026-04-26,07:48:49,23,30,35,34,38,1
40,2026-01-29,13:20:10,24,24,36,35,39,1
41,2026-01-25,19:16:37,4,31,37,36,40,1
42,2026-04-06,20:04:30,20,32,38,37,41,1
43,2026-03-14,22:44:27,6,32,39,38,42,1
44,2026-03-05,14:41:13,6,33,40,39,43,1
45,2026-04-18,17:45:15,25,5,41,40,44,1
46,2026-03-16,20:47:20,4,34,42,41,45,1
47,2026-01-21,18:25:48,8,35,15,42,46,1
48,2026-03-12,21:44:33,7,3,28,43,47,1
49,2026-02-22,18:11:52,26,36,43,44,48,1
50,2026-03-16,20:07:23,21,37,28,9,49,1
51,2026-01-25,21:57:57,7,20,44,45,50,1
52,2026-03-10,07:50:56,27,7,45,46,51,1
53,2026-01-27,21:25:44,27,22,20,47,52,1
54,2026-02-04,18:07:03,1,28,46,48,53,1
55,2026-01-19,08:12:58,28,38,47,37,54,1
56,2026-04-13,10:57:46,21,27,48,49,55,1
57,2026-03-31,22:19:16,25,39,49,50,56,1
58,2026-03-30,19:18:16,29,13,41,51,57,1
59,2026-03-06,12:51:11,1,20,50,52,58,1
60,2026-03-29,11:39:33,1,40,51,53,59,1
61,2026-02-06,16:19:28,25,41,52,45,60,1
62,2026-04-15,22:05:23,30,42,53,54,61,1
63,2026-04-16,16:26:02,15,28,43,51,62,1
64,2026-04-02,20:04:58,31,43,54,55,63,1
65,2026-04-27,12:41:53,32,44,55,56,64,1
66,2026-02-21,15:38:32,1,5,56,57,65,1
67,2026-04-04,10:41:19,3,4,57,58,66,1
68,2026-01-15,20:39:40,21,45,58,39,67,1
69,2026-03-15,15:35:21,25,2,59,59,68,1
70,2026-02-26,18:48:18,6,34,60,33,69,1
71,2026-01-27,07:04:36,21,46,61,60,70,1
72,2026-05-01,15:20:49,25,47,62,61,71,1
73,2026-02-07,12:46:28,6,15,21,62,44,1
74,2026-04-16,16:04:50,8,48,63,63,72,1
75,2026-01-19,08:45:23,4,43,39,64,73,1
76,2026-03-02,17:16:39,3,4,53,65,74,1
77,2026-05-05,18:39:40,13,22,64,66,42,1
78,2026-04-15,22:25:07,1,49,21,67,75,1
79,2026-01-11,15:13:07,25,50,65,68,76,1
80,2026-03-24,13:33:14,8,22,66,69,77,1
81,2026-03-09,20:45:03,13,51,67,70,78,1
82,2026-04-07,13:00:52,6,40,68,71,79,1
83,2026-04-14,09:29:14,29,5,69,59,80,1
84,2026-05-05,20:39:30,3,50,70,72,17,1
85,2026-01-24,16:41:54,3,4,60,73,81,1
86,2026-01-15,16:30:03,4,16,71,74,82,1
87,2026-03-24,11:35:42,19,39,72,75,83,1
88,2026-02-01,09:58:01,29,3,73,76,84,1
89,2026-05-10,13:03:27,8,52,62,77,85,1
90,2026-04-29,07:02:05,33,53,74,40,86,1
91,2026-03-05,18:44:08,34,19,62,12,2,1
92,2026-02-16,12:18:19,8,15,52,78,87,1
93,2026-04-18,09:49:07,8,54,62,33,88,1
94,2026-03-13,08:33:49,3,55,75,79,89,1
95,2026-03-18,07:22:43,8,56,76,80,90,1
96,2026-04-07,08:03:07,35,57,69,81,91,1
97,2026-04-17,08:17:23,32,51,77,73,92,1
98,2026-02-24,20:42:43,25,58,78,57,93,1
99,2026-02-13,14:21:09,36,4,79,82,94,1
100,2026-04-30,20:40:47,20,59,62,83,95,1
101,2026-01-16,14:15:41,21,60,5,42,96,1
102,2026-05-10,12:13:31,30,55,50,84,97,1
103,2026-03-30,13:59:45,37,61,80,85,98,1
104,2026-03-29,17:45:36,3,26,81,73,99,1
105,2026-02-05,18:15:46,6,62,82,86,100,1
106,2026-03-12,09:49:06,38,18,83,87,101,1
107,2026-03-25,19:17:25,6,55,84,37,42,1
108,2026-03-13,07:04:47,5,17,85,88,12,1
109,2026-01-15,21:17:32,6,17,86,50,102,1
110,2026-02-13,21:25:41,21,5,82,89,103,1
111,2026-01-24,08:15:47,20,63,87,90,82,1
112,2026-03-19,09:58:39,2,26,88,91,104,1
113,2026-03-21,18:00:39,39,46,89,92,105,1
114,2026-02-14,15:27:49,40,60,90,93,106,1
115,2026-04-14,12:50:46,25,55,91,94,107,1
116,2026-04-26,13:45:33,32,17,92,95,108,1
117,2026-04-17,17:20:43,41,64,10,96,109,1
118,2026-04-09,20:56:50,1,65,93,97,110,1
119,2026-01-31,09:56:14,1,17,94,98,111,1
120,2026-04-25,19:09:54,8,60,20,99,112,1
121,2026-04-01,19:47:19,11,15,9,100,113,1
122,2026-01-13,12:47:13,42,56,74,101,114,1
123,2026-04-03,12:00:59,7,5,95,102,115,1
124,2026-02-18,12:27:19,43,37,96,19,116,1
125,2026-03-20,18:05:01,1,34,97,37,117,1
126,2026-02-18,22:50:24,7,22,15,61,118,1
127,2026-02-23,18:41:55,30,43,98,69,119,1
128,2026-01-31,16:11:37,8,66,99,103,120,1
129,2026-03-10,21:32:23,18,36,41,104,121,1
130,2026-01-28,18:08:16,20,19,100,42,92,1
131,2026-03-22,18:28:25,1,4,93,105,122,1
132,2026-03-06,12:28:32,44,67,101,106,25,1
133,2026-02-19,07:07:31,39,22,102,49,123,1
134,2026-04-27,11:34:20,20,60,103,107,124,1
135,2026-05-09,22:28:55,37,68,104,108,13,1
136,2026-04-04,13:53:45,45,11,105,109,125,1
137,2026-03-09,11:05:33,24,34,40,110,126,1
138,2026-03-28,09:46:46,46,34,48,59,127,1
139,2026-02-02,21:49:10,8,26,16,71,128,1
140,2026-02-15,18:31:25,8,40,106,33,129,1
141,2026-03-10,17:28:11,1,69,26,111,130,1
142,2026-03-07,17:13:01,25,40,19,19,131,1
143,2026-01-28,18:56:02,25,43,107,87,132,1
144,2026-01-17,22:14:31,24,3,21,112,133,1
145,2026-04-12,15:26:21,8,22,16,23,37,1
146,2026-02-27,07:28:44,10,25,108,49,42,1
147,2026-04-26,15:03:01,6,41,29,89,112,1
148,2026-03-08,07:32:23,20,41,20,30,134,1
149,2026-04-01,15:29:11,6,35,109,113,135,1
150,2026-04-19,18:54:41,43,39,33,114,136,1
151,2026-01-15,18:11:58,3,22,110,115,137,1
152,2026-01-30,13:11:27,25,13,111,116,61,1
153,2026-03-28,09:20:59,29,7,112,7,138,1
154,2026-04-02,19:44:19,7,22,113,117,139,1
155,2026-01-23,21:08:07,3,7,8,118,40,1
156,2026-02-22,19:10:38,1,4,114,5,140,1
157,2026-05-01,17:20:17,30,70,115,119,70,1
158,2026-02-25,20:41:36,47,22,65,120,141,1
159,2026-01-28,17:36:47,48,58,116,11,142,1
160,2026-02-23,19:30:06,3,55,117,121,143,1
161,2026-01-26,20:33:24,49,3,32,96,144,1
162,2026-02-19,09:10:46,25,22,48,122,145,1
163,2026-01-21,09:40:01,8,71,40,123,146,1
164,2026-01-16,19:58:04,10,30,118,124,147,1
165,2026-02-28,10:43:12,8,5,50,27,148,1
166,2026-04-06,07:59:35,50,59,119,74,149,1
167,2026-02-24,21:37:34,25,17,120,125,150,1
168,2026-04-27,15:47:27,51,60,121,126,151,1
169,2026-04-16,17:17:55,8,17,122,57,152,1
170,2026-04-08,09:01:11,1,72,8,11,60,1
171,2026-02-18,07:29:40,35,9,21,127,153,1
172,2026-04-05,07:16:34,3,34,123,128,154,1
173,2026-04-04,19:01:09,25,65,124,129,155,1
174,2026-03-31,08:46:43,1,20,26,64,40,1
175,2026-02-07,19:55:28,52,63,125,71,156,1
176,2026-01-18,11:08:35,8,55,15,127,128,1
177,2026-02-12,17:30:22,53,7,10,130,157,1
178,2026-02-26,16:51:50,43,73,114,131,109,1
179,2026-03-02,10:58:59,3,9,87,132,158,1
180,2026-02-02,19:51:36,8,22,126,133,159,1
181,2026-03-10,12:48:59,3,11,37,134,160,1
182,2026-01-29,12:27:33,14,58,14,114,161,1
183,2026-03-08,22:52:56,17,6,19,135,162,1
184,2026-03-04,11:42:21,53,5,127,98,52,1
185,2026-05-08,22:27:45,6,74,8,4,83,1
186,2026-02-07,21:54:54,25,36,128,51,14,1
187,2026-02-26,10:50:03,20,42,129,136,163,1
188,2026-05-08,11:36:28,15,69,130,137,164,1
189,2026-03-24,13:32:46,45,19,131,138,165,1
190,2026-04-08,14:14:55,8,36,132,139,166,1
191,2026-02-03,12:14:07,21,11,43,140,167,1
192,2026-03-21,09:50:43,8,22,133,141,64,1
193,2026-03-21,18:48:04,54,38,134,15,168,1
194,2026-05-06,17:06:43,18,6,112,134,169,1
195,2026-03-02,18:44:56,1,5,135,60,170,1
196,2026-01-31,20:28:30,21,75,43,142,171,1
197,2026-03-16,16:55:50,43,76,29,143,172,1
198,2026-01-22,21:47:13,55,54,17,144,14,1
199,2026-01-23,10:40:18,56,40,8,145,173,1
200,2026-01-13,14:48:43,21,17,95,146,174,1
201,2026-04-28,22:38:41,8,28,60,126,175,1
202,2026-02-16,13:03:46,57,50,136,147,176,1
203,2026-02-18,07:54:13,39,15,137,22,108,1
204,2026-04-23,20:55:34,20,77,133,80,177,1
205,2026-02-05,08:39:03,8,30,65,6,178,1
206,2026-03-24,18:14:24,25,78,22,110,179,1
207,2026-01-23,18:24:47,3,4,82,148,95,1
208,2026-01-20,11:19:51,58,79,138,131,180,1
209,2026-03-09,12:05:44,25,50,112,131,181,1
210,2026-03-04,19:37:06,25,36,139,149,182,1
211,2026-05-07,19:20:58,57,80,140,117,183,1
212,2026-01-29,18:27:33,1,58,141,150,184,1
213,2026-03-07,12:38:58,8,22,142,151,74,1
214,2026-01-22,10:33:29,8,26,112,4,185,1
215,2026-04-01,16:21:47,21,34,16,152,186,1
216,2026-04-03,10:39:57,1,19,95,34,187,1
217,2026-05-08,13:18:39,21,36,21,30,188,1
218,2026-04-26,22:52:59,25,34,117,153,140,1
219,2026-04-04,13:48:36,7,55,143,154,189,1
220,2026-02-15,07:12:56,37,15,114,98,190,1
221,2026-01-19,21:42:28,20,20,8,60,191,1
222,2026-04-12,16:19:29,3,42,95,155,192,1
223,2026-02-15,18:38:08,25,65,144,126,193,1
224,2026-02-16,16:26:46,19,77,145,156,12,1
225,2026-01-13,15:54:17,1,26,129,157,194,1
226,2026-03-22,08:04:44,3,81,93,112,195,1
227,2026-01-13,18:51:18,35,82,96,158,196,1
228,2026-04-06,18:31:24,7,81,39,159,197,1
229,2026-02-03,22:11:50,17,46,19,160,94,1
230,2026-01-18,19:53:36,6,83,146,161,146,1
231,2026-04-25,08:01:00,1,4,147,162,198,1
232,2026-04-26,09:32:04,20,37,128,163,199,1
233,2026-02-11,09:21:39,5,27,41,5,200,1
234,2026-02-24,13:43:47,48,22,50,33,201,1
235,2026-01-19,21:57:15,3,84,148,164,93,1
236,2026-04-29,13:33:47,8,6,48,165,202,1
237,2026-03-06,14:37:13,25,85,149,166,203,1
238,2026-02-01,19:18:33,8,56,150,167,204,1
239,2026-04-11,19:53:44,6,72,151,119,205,1
240,2026-04-19,13:16:37,25,19,8,43,201,1
241,2026-01-25,21:27:35,3,4,152,58,206,1
242,2026-02-03,19:55:53,6,86,153,110,106,1
243,2026-04-12,21:11:00,1,5,154,3,147,1
244,2026-02-11,08:53:46,1,4,155,30,207,1
245,2026-05-05,22:15:50,4,87,156,168,208,1
246,2026-05-02,13:40:43,1,88,157,130,209,1
247,2026-05-06,20:15:14,49,64,53,26,210,1
248,2026-04-27,18:25:04,8,4,82,31,87,1
249,2026-02-14,18:40:15,4,40,158,169,14,1
250,2026-04-30,21:15:43,4,85,159,170,211,1
251,2026-01-26,19:04:37,8,5,137,67,178,1
252,2026-02-15,21:18:52,1,61,160,171,212,1
253,2026-03-20,19:27:20,19,38,161,33,213,1
254,2026-02-07,22:03:31,1,69,162,172,214,1
255,2026-04-06,13:06:59,3,59,163,139,215,1
256,2026-02-22,14:50:40,59,40,164,173,87,1
257,2026-05-10,09:00:55,3,4,135,174,205,1
258,2026-05-10,11:34:46,50,46,161,110,128,1
259,2026-02-10,17:59:08,25,4,165,34,216,1
260,2026-03-22,12:07:06,14,40,84,175,217,1
261,2026-05-06,10:42:23,19,42,129,65,218,1
262,2026-01-20,22:57:21,29,7,158,169,219,1
263,2026-04-05,17:17:03,7,3,62,62,220,1
264,2026-02-15,17:10:28,3,51,88,176,221,1
265,2026-03-15,15:52:47,55,72,107,148,222,1
266,2026-03-06,19:13:02,39,57,26,59,223,1
267,2026-01-10,19:16:14,16,7,166,27,83,1
268,2026-01-26,21:22:34,25,4,167,169,224,1
269,2026-01-11,08:04:00,8,56,168,87,225,1
270,2026-03-16,19:19:05,55,48,169,74,226,1
271,2026-02-26,15:55:08,3,89,170,177,227,1
272,2026-03-28,09:41:22,8,4,171,58,57,1
273,2026-03-21,08:25:26,54,61,172,169,55,1
274,2026-04-20,15:38:02,21,46,173,178,178,1
275,2026-01-19,19:15:32,1,1,174,134,228,1
276,2026-04-15,12:19:22,20,17,10,96,229,1
277,2026-04-17,18:26:55,3,7,19,87,140,1
278,2026-04-08,08:11:12,25,15,48,147,56,1
279,2026-03-10,16:02:10,32,52,175,179,230,1
280,2026-04-21,20:41:09,15,3,112,180,231,1
281,2026-03-03,17:54:10,1,90,117,181,128,1
282,2026-02-23,18:21:03,49,17,35,177,232,1
283,2026-02-26,17:57:46,25,91,83,182,233,1
284,2026-02-14,20:59:00,8,36,176,183,234,1
285,2026-02-09,15:04:17,27,92,22,184,49,1
286,2026-02-03,11:37:44,20,52,177,185,235,1
287,2026-02-21,21:05:25,21,30,93,186,17,1
288,2026-03-19,13:09:51,8,93,178,129,144,1
289,2026-01-16,17:43:08,29,62,93,148,35,1
290,2026-05-07,15:25:33,3,83,179,187,236,1
291,2026-03-20,10:51:22,57,77,180,188,103,1
1595,2026-04-27,16:44:15,6,78,49,20,237,1
293,2026-01-10,12:00:32,6,3,141,189,238,1
294,2026-02-20,09:22:52,6,94,181,190,239,1
295,2026-04-29,07:29:33,3,95,182,191,240,1
296,2026-04-02,20:21:35,29,81,183,9,241,1
297,2026-04-20,21:00:58,1,32,169,192,71,1
298,2026-04-09,10:09:32,38,60,184,73,158,1
299,2026-02-06,15:23:44,8,22,177,76,242,1
300,2026-02-16,21:22:06,3,96,43,42,243,1
301,2026-01-31,10:26:52,11,46,185,88,244,1
302,2026-04-28,15:06:40,3,36,21,180,245,1
303,2026-01-15,11:03:19,6,4,60,48,246,1
304,2026-03-18,15:51:13,8,97,65,167,247,1
305,2026-04-19,09:23:45,1,86,186,42,248,1
306,2026-01-17,18:10:26,51,48,93,193,249,1
307,2026-01-31,12:04:25,10,7,2,155,138,1
308,2026-02-01,09:38:12,3,98,187,192,250,1
309,2026-04-23,12:59:56,4,17,53,194,251,1
310,2026-01-14,20:01:11,1,78,188,125,252,1
311,2026-04-01,22:00:29,54,65,189,195,253,1
312,2026-01-29,18:28:33,8,92,190,88,254,1
313,2026-02-05,08:27:57,24,17,191,153,255,1
314,2026-03-26,07:53:56,60,56,192,155,246,1
315,2026-01-21,09:05:13,1,88,193,82,12,1
316,2026-02-09,15:21:12,8,57,194,45,256,1
317,2026-03-08,17:47:33,54,56,132,196,257,1
318,2026-04-16,13:05:41,10,17,68,147,258,1
319,2026-01-29,11:47:46,25,4,175,65,259,1
320,2026-02-04,10:39:13,36,56,16,26,59,1
321,2026-02-08,22:49:57,61,22,144,197,242,1
322,2026-04-09,12:40:23,6,99,83,82,260,1
323,2026-04-12,22:02:54,6,88,195,128,261,1
324,2026-02-09,07:16:47,7,47,103,112,262,1
325,2026-03-22,11:45:22,31,51,196,71,41,1
326,2026-05-10,22:11:45,57,43,49,5,263,1
327,2026-02-24,14:37:04,3,22,197,198,264,1
328,2026-03-16,17:08:19,19,30,30,145,265,1
329,2026-03-28,15:09:27,18,7,198,165,266,1
330,2026-01-25,20:12:55,6,24,199,199,267,1
331,2026-02-15,08:57:52,29,62,200,56,268,1
332,2026-02-05,12:55:02,7,9,30,17,91,1
333,2026-02-17,21:56:37,25,86,41,76,269,1
334,2026-05-01,18:54:05,8,73,201,27,270,1
335,2026-04-22,15:11:45,34,7,202,147,122,1
336,2026-05-02,16:43:32,26,71,169,88,84,1
337,2026-01-17,12:01:06,62,100,169,45,271,1
338,2026-02-26,14:03:07,37,29,19,40,272,1
339,2026-04-02,18:18:16,63,69,203,33,273,1
340,2026-02-04,17:50:17,48,21,204,123,274,1
341,2026-02-28,17:10:40,64,22,205,96,39,1
342,2026-02-16,16:17:44,39,72,60,96,35,1
343,2026-04-07,15:50:10,65,40,22,200,275,1
344,2026-04-07,09:09:14,43,9,5,201,276,1
345,2026-03-04,13:58:34,8,19,206,81,277,1
346,2026-02-09,17:18:20,39,46,207,126,278,1
347,2026-01-28,07:31:10,3,17,158,67,279,1
348,2026-03-13,12:32:12,25,60,135,145,6,1
1960,2026-01-19,13:17:45,6,17,118,202,280,1
350,2026-03-28,18:34:11,59,55,208,146,281,1
351,2026-05-08,14:04:00,1,17,208,4,282,1
352,2026-03-29,12:26:42,25,22,109,170,209,1
353,2026-02-01,13:07:06,31,11,209,203,262,1
354,2026-05-10,20:10:19,30,32,43,87,283,1
355,2026-04-22,15:08:38,8,82,48,164,284,1
356,2026-05-03,08:38:29,14,26,182,204,215,1
357,2026-03-21,10:30:37,43,17,210,147,285,1
358,2026-01-23,22:32:30,40,5,60,129,286,1
359,2026-04-10,20:21:01,6,25,173,98,287,1
360,2026-04-19,19:22:39,5,101,101,205,288,1
361,2026-04-05,15:49:15,1,102,184,145,289,1
362,2026-02-16,10:25:29,21,83,193,105,265,1
363,2026-03-18,10:55:43,1,17,160,140,7,1
364,2026-01-20,07:59:54,6,60,19,14,290,1
365,2026-03-01,18:45:25,53,2,193,206,291,1
366,2026-03-26,16:36:27,6,50,211,98,121,1
367,2026-02-28,15:16:12,21,7,93,207,109,1
368,2026-02-17,12:08:52,21,7,161,45,292,1
369,2026-04-26,14:12:47,8,50,82,208,293,1
370,2026-04-14,20:46:28,28,17,108,107,294,1
371,2026-02-17,19:54:47,1,40,212,20,109,1
372,2026-03-01,20:11:48,1,7,30,82,295,1
373,2026-04-04,10:10:53,25,38,66,125,296,1
374,2026-03-04,10:06:32,1,103,165,209,297,1
375,2026-04-18,10:51:42,10,11,213,89,298,1
376,2026-04-03,17:52:33,43,104,114,58,149,1
377,2026-03-20,14:30:28,21,2,78,34,288,1
378,2026-02-01,20:22:09,40,61,214,131,299,1
379,2026-03-28,20:22:42,4,5,161,192,273,1
380,2026-02-19,11:01:07,20,32,215,160,300,1
381,2026-05-02,22:26:59,6,78,168,130,301,1
382,2026-03-03,15:29:46,55,69,78,61,302,1
383,2026-04-27,18:26:39,25,55,216,87,242,1
384,2026-04-02,17:03:40,3,69,208,105,303,1
385,2026-01-16,10:41:02,3,7,161,3,304,1
386,2026-04-03,10:13:26,33,60,49,150,305,1
387,2026-02-01,11:54:06,8,26,84,210,306,1
388,2026-01-10,13:57:39,1,64,217,34,277,1
389,2026-04-09,16:45:17,21,105,182,211,9,1
390,2026-01-18,21:22:48,25,16,114,51,307,1
391,2026-03-06,19:29:00,1,55,41,64,308,1
392,2026-04-06,10:11:06,6,85,82,185,175,1
393,2026-04-02,20:42:05,8,60,218,67,41,1
394,2026-01-17,15:35:31,20,2,30,57,309,1
395,2026-03-27,07:56:18,35,50,203,2,310,1
396,2026-03-26,11:17:26,48,15,138,21,311,1
397,2026-03-13,16:34:44,1,78,63,212,312,1
398,2026-03-04,17:27:55,5,88,39,213,303,1
399,2026-02-09,11:57:43,26,63,137,214,313,1
400,2026-05-10,18:33:36,4,60,190,87,270,1
401,2026-04-08,18:22:34,14,27,38,58,314,1
402,2026-01-26,07:50:09,6,78,219,98,119,1
403,2026-02-14,16:25:50,29,106,48,215,315,1
404,2026-02-01,07:47:08,48,92,165,71,316,1
405,2026-01-29,17:47:06,6,24,220,216,317,1
406,2026-03-17,08:32:04,1,22,28,151,178,1
407,2026-03-26,10:55:43,11,8,10,27,318,1
408,2026-01-26,20:08:59,3,9,221,147,161,1
409,2026-05-06,17:20:42,18,38,222,82,284,1
410,2026-02-27,20:18:06,8,60,48,217,319,1
411,2026-03-06,20:09:57,8,60,223,203,82,1
412,2026-01-27,15:10:17,66,4,224,142,55,1
413,2026-03-17,20:06:42,45,36,222,218,320,1
414,2026-04-01,21:38:42,25,107,138,88,321,1
415,2026-04-13,22:59:04,43,17,218,121,322,1
416,2026-01-22,12:05:55,10,21,27,219,323,1
417,2026-03-10,18:21:05,63,34,40,157,6,1
418,2026-05-04,08:34:43,8,78,135,129,140,1
97,2026-04-17,08:17:23,32,51,77,73,92,1
420,2026-05-01,19:09:13,10,4,30,203,324,1
421,2026-02-09,10:47:40,3,17,62,83,179,1
422,2026-03-13,17:28:42,8,11,225,101,325,1
423,2026-04-30,16:37:50,1,69,226,220,326,1
424,2026-04-14,07:34:59,67,50,80,189,98,1
425,2026-03-21,14:51:07,7,54,227,221,233,1
426,2026-04-10,17:18:33,49,50,228,110,327,1
427,2026-03-22,21:29:09,25,22,229,23,143,1
428,2026-03-28,07:49:23,25,91,230,25,41,1
429,2026-04-12,08:58:56,7,5,223,83,328,1
430,2026-01-20,08:05:12,25,108,112,222,100,1
431,2026-04-11,18:22:25,6,90,9,223,329,1
432,2026-01-23,17:42:31,60,6,193,224,173,1
433,2026-03-18,22:48:02,20,107,19,145,119,1
434,2026-03-30,15:07:11,48,48,231,127,330,1
435,2026-01-12,13:42:23,25,22,232,225,331,1
436,2026-02-14,11:55:50,4,78,43,9,319,1
437,2026-04-21,19:49:26,57,109,50,110,317,1
438,2026-02-03,17:53:46,3,59,168,224,327,1
439,2026-04-24,19:40:32,20,20,233,194,332,1
440,2026-01-22,10:58:02,3,60,64,107,4,1
441,2026-02-03,12:16:19,68,56,234,164,333,1
442,2026-01-23,13:04:23,3,4,235,136,334,1
443,2026-03-27,13:39:41,17,26,132,146,335,1
444,2026-03-21,15:23:49,69,4,62,153,336,1
445,2026-03-26,10:56:09,30,4,236,226,337,1
446,2026-05-01,15:55:51,30,110,237,227,338,1
447,2026-04-16,17:52:38,1,21,135,228,339,1
448,2026-01-31,07:37:22,21,4,238,31,340,1
449,2026-03-14,18:45:18,35,4,204,147,341,1
1193,2026-04-04,22:35:00,46,22,203,99,342,1
451,2026-04-22,09:07:08,8,111,239,229,29,1
452,2026-02-23,22:42:06,47,6,167,140,199,1
453,2026-03-24,22:39:48,24,69,224,172,140,1
454,2026-03-29,22:02:16,53,36,240,98,343,1
455,2026-03-21,21:14:00,25,5,241,230,344,1
456,2026-02-15,21:46:33,1,64,209,178,240,1
457,2026-03-26,18:44:31,8,112,175,149,345,1
458,2026-05-03,15:01:57,1,5,242,140,346,1
459,2026-01-12,10:55:11,10,18,243,189,347,1
460,2026-02-05,11:35:44,24,25,244,231,348,1
461,2026-01-13,13:08:47,13,16,29,87,349,1
462,2026-05-07,14:33:50,14,50,245,232,350,1
463,2026-04-15,09:59:57,3,69,67,61,351,1
1049,2026-02-06,22:38:59,43,22,65,73,117,1
465,2026-02-23,13:46:56,70,19,1,233,186,1
466,2026-01-14,17:10:29,30,55,240,127,352,1
467,2026-04-25,08:35:40,1,17,16,234,233,1
468,2026-04-11,13:20:29,29,90,64,20,167,1
469,2026-01-10,08:09:02,19,25,246,83,68,1
470,2026-04-23,09:33:19,7,113,247,231,353,1
471,2026-03-20,13:55:07,25,5,22,117,354,1
472,2026-01-23,07:17:00,25,27,182,235,14,1
473,2026-02-17,08:12:17,50,38,16,224,355,1
2439,2026-02-17,19:27:22,25,15,142,27,356,1
475,2026-04-21,09:50:56,29,12,193,236,357,1
476,2026-01-26,17:08:02,1,26,229,195,358,1
477,2026-03-22,07:59:50,8,114,21,112,27,1
478,2026-01-23,14:40:00,1,58,86,237,284,1
479,2026-04-25,10:23:41,71,72,248,238,359,1
480,2026-05-03,14:50:39,65,48,249,239,128,1
481,2026-05-02,20:31:44,1,13,250,14,155,1
482,2026-03-18,17:23:19,1,22,4,37,360,1
483,2026-03-15,19:15:36,40,4,251,101,361,1
484,2026-01-23,18:05:31,38,78,252,240,39,1
485,2026-05-02,22:13:49,25,36,78,241,362,1
486,2026-04-17,09:12:57,8,26,253,230,363,1
487,2026-05-03,07:17:26,63,60,112,242,364,1
488,2026-05-09,09:50:21,3,76,244,119,365,1
489,2026-05-02,19:13:14,60,60,63,176,366,1
490,2026-03-04,15:42:53,48,115,235,37,262,1
491,2026-02-17,13:56:41,6,28,254,243,367,1
492,2026-02-15,14:10:54,8,40,73,3,237,1
493,2026-05-02,19:00:58,48,76,235,244,368,1
494,2026-05-06,21:17:45,3,22,97,245,369,1
495,2026-04-15,22:15:40,49,7,104,121,370,1
496,2026-03-21,14:34:20,7,27,43,19,325,1
497,2026-01-29,13:03:35,19,11,134,53,371,1
498,2026-04-22,16:18:28,30,30,129,229,292,1
499,2026-03-24,20:22:32,32,22,255,246,52,1
500,2026-04-08,09:00:03,69,7,22,247,9,1
501,2026-02-05,12:23:20,48,60,241,40,335,1
502,2026-02-08,22:26:11,47,13,58,91,372,1
503,2026-01-16,16:30:47,29,50,137,195,175,1
504,2026-02-03,21:43:55,10,43,62,238,202,1
505,2026-02-22,07:34:26,1,34,5,127,373,1
506,2026-05-10,21:45:43,8,65,256,134,374,1
507,2026-02-18,17:48:40,53,59,127,131,254,1
508,2026-03-23,20:23:11,25,66,257,224,189,1
509,2026-04-18,15:41:33,8,116,258,15,170,1
510,2026-02-12,11:03:20,6,27,101,248,375,1
511,2026-02-27,07:15:00,8,117,56,234,376,1
512,2026-04-11,11:41:44,72,107,259,243,233,1
513,2026-01-21,14:32:09,43,82,260,12,377,1
514,2026-05-04,16:54:52,25,94,19,249,378,1
515,2026-03-26,21:26:52,25,60,97,250,379,1
516,2026-01-14,08:55:22,46,72,56,198,333,1
517,2026-03-11,08:05:18,19,11,170,108,380,1
518,2026-02-18,17:21:16,46,10,68,177,381,1
519,2026-05-08,22:08:52,30,38,108,117,382,1
520,2026-01-22,20:58:11,3,100,168,197,383,1
521,2026-01-21,12:45:32,14,40,144,31,384,1
522,2026-04-18,14:15:17,45,14,2,22,385,1
523,2026-02-02,11:11:46,29,22,160,135,386,1
524,2026-04-18,16:07:32,6,3,261,145,387,1
525,2026-04-17,16:48:39,25,13,262,251,388,1
526,2026-01-21,19:35:23,1,92,263,4,389,1
527,2026-02-18,18:48:17,16,60,264,67,390,1
528,2026-01-28,16:15:35,27,6,265,2,234,1
529,2026-02-13,08:43:04,6,5,216,115,391,1
530,2026-03-28,09:50:25,73,43,266,243,392,1
531,2026-04-04,21:32:48,17,20,38,22,393,1
532,2026-03-20,11:13:25,3,58,82,123,394,1
533,2026-04-06,13:10:44,6,118,132,48,146,1
534,2026-04-30,09:54:28,3,42,267,119,395,1
535,2026-02-28,16:11:41,43,106,155,109,396,1
536,2026-01-22,22:38:24,7,9,268,21,397,1
537,2026-03-18,15:11:14,20,22,269,154,398,1
538,2026-03-10,10:06:14,3,119,270,61,399,1
539,2026-04-09,17:29:50,6,113,43,171,303,1
540,2026-04-10,07:12:18,52,88,33,229,400,1
541,2026-01-28,21:49:28,3,6,136,155,186,1
542,2026-01-27,18:16:57,3,45,271,252,401,1
543,2026-03-21,14:08:25,3,11,85,166,324,1
544,2026-05-06,07:20:58,28,38,216,29,167,1
545,2026-03-20,11:10:15,10,4,272,146,402,1
546,2026-04-01,10:15:29,6,24,112,253,403,1
547,2026-05-03,16:40:33,1,2,273,17,35,1
548,2026-02-04,15:45:00,14,32,274,254,265,1
549,2026-02-28,15:18:23,1,7,275,132,404,1
550,2026-03-03,13:59:18,3,21,8,30,35,1
551,2026-03-29,08:30:44,40,100,128,155,240,1
552,2026-04-19,09:54:37,29,60,238,224,49,1
553,2026-04-28,15:10:56,22,120,8,255,262,1
554,2026-01-18,19:02:07,3,2,16,135,405,1
555,2026-04-23,14:35:17,54,19,276,110,406,1
556,2026-03-05,07:18:42,9,71,199,112,236,1
557,2026-04-06,07:52:52,43,107,158,87,133,1
558,2026-03-06,13:14:08,70,17,60,147,407,1
559,2026-03-01,13:55:31,30,40,146,250,175,1
560,2026-01-29,22:55:12,6,16,277,61,98,1
561,2026-04-13,11:43:57,8,102,118,40,408,1
562,2026-01-20,11:32:37,5,107,5,162,191,1
563,2026-03-04,17:11:13,4,76,29,256,409,1
564,2026-01-20,19:54:11,7,78,22,257,247,1
565,2026-04-03,11:23:14,6,16,153,48,410,1
566,2026-03-13,17:30:29,55,55,133,64,411,1
567,2026-01-23,17:58:44,3,55,222,101,412,1
568,2026-02-11,07:55:44,6,57,21,258,335,1
569,2026-02-01,14:47:08,6,114,5,238,300,1
570,2026-03-20,11:06:11,3,62,182,259,254,1
571,2026-01-30,22:40:33,3,5,278,214,45,1
572,2026-03-10,08:51:12,19,15,268,260,413,1
573,2026-03-15,22:48:19,30,67,67,37,414,1
574,2026-01-30,11:46:07,25,48,279,98,415,1
575,2026-05-01,22:56:45,74,86,280,3,416,1
576,2026-04-07,17:23:52,22,60,174,261,417,1
577,2026-03-18,22:55:18,25,30,257,262,418,1
578,2026-04-01,13:41:52,60,121,281,61,220,1
579,2026-04-27,22:25:44,8,26,282,57,419,1
580,2026-02-02,09:21:37,3,16,26,174,420,1
581,2026-01-28,12:34:27,33,20,22,58,358,1
582,2026-02-21,21:45:27,9,72,154,263,386,1
583,2026-03-10,21:30:57,25,22,117,264,421,1
584,2026-01-24,12:15:58,48,59,200,208,196,1
585,2026-02-05,22:11:01,14,43,283,124,324,1
586,2026-02-09,11:59:45,16,40,85,110,422,1
587,2026-02-11,21:29:01,45,88,30,45,423,1
588,2026-02-06,22:21:18,21,6,21,105,424,1
589,2026-04-11,17:53:58,42,4,166,236,425,1
590,2026-02-04,10:49:40,29,113,284,109,103,1
591,2026-03-25,14:55:48,1,14,275,265,426,1
592,2026-03-22,07:59:54,4,6,82,19,427,1
593,2026-03-27,08:44:45,25,65,285,266,428,1
594,2026-04-22,19:08:54,25,77,248,89,335,1
595,2026-01-25,19:27:05,3,47,50,33,429,1
596,2026-01-30,09:32:19,29,26,246,250,398,1
597,2026-01-24,10:03:36,7,92,286,127,430,1
598,2026-01-18,15:11:43,43,12,128,136,431,1
599,2026-02-16,10:35:22,6,4,8,25,97,1
600,2026-02-15,15:39:28,1,110,287,73,432,1
601,2026-02-27,09:25:22,47,6,90,3,429,1
602,2026-03-26,10:04:16,19,40,288,267,41,1
603,2026-03-07,14:53:55,3,119,158,89,219,1
604,2026-02-20,22:36:49,48,16,90,19,324,1
605,2026-03-01,11:23:35,19,5,62,83,433,1
606,2026-03-02,22:21:48,29,4,98,268,434,1
607,2026-03-08,08:30:20,42,12,30,147,435,1
608,2026-05-05,11:33:44,25,56,206,49,173,1
609,2026-01-22,17:55:43,4,17,78,226,35,1
1416,2026-04-28,12:47:56,55,40,289,269,436,1
611,2026-04-17,07:45:49,17,46,49,189,437,1
612,2026-03-15,09:13:15,6,114,134,270,389,1
613,2026-03-12,13:32:07,30,69,78,79,438,1
614,2026-01-14,07:26:44,1,110,19,130,76,1
615,2026-04-24,22:49:38,6,93,290,140,439,1
1472,2026-04-15,16:49:55,7,102,26,105,440,1
617,2026-05-06,11:53:11,70,55,30,174,441,1
618,2026-02-28,16:39:19,67,17,291,270,442,1
619,2026-02-06,16:59:44,14,7,61,9,443,1
620,2026-03-30,11:01:38,52,51,107,61,64,1
621,2026-02-15,20:45:06,21,16,281,18,444,1
622,2026-03-17,09:20:00,6,55,12,27,445,1
623,2026-01-12,20:29:24,6,60,158,19,262,1
624,2026-04-12,20:28:17,18,30,10,78,446,1
625,2026-01-11,18:53:52,74,15,29,140,315,1
626,2026-04-27,22:25:04,25,60,292,268,447,1
627,2026-03-05,20:18:25,25,26,53,271,448,1
628,2026-05-08,08:23:38,25,22,282,272,262,1
629,2026-02-02,12:03:03,56,60,22,149,302,1
630,2026-04-24,18:20:03,54,109,165,31,271,1
631,2026-02-05,10:34:02,8,11,293,50,338,1
632,2026-04-10,10:09:37,25,4,294,58,449,1
633,2026-04-11,18:02:16,14,33,295,273,450,1
634,2026-02-23,16:27:04,7,7,296,86,451,1
635,2026-04-27,20:03:20,6,18,297,125,109,1
636,2026-02-01,18:14:00,16,42,43,274,428,1
637,2026-04-13,10:04:16,20,17,22,161,62,1
638,2026-03-02,11:12:39,43,60,138,3,2,1
639,2026-01-24,07:35:19,6,5,298,146,134,1
640,2026-05-09,08:31:02,38,76,299,275,452,1
641,2026-04-04,16:35:46,75,27,64,147,175,1
642,2026-04-01,17:00:38,69,95,5,276,453,1
643,2026-04-22,20:14:17,57,53,50,277,454,1
644,2026-01-15,07:53:27,25,22,112,55,43,1
645,2026-04-12,16:14:43,4,67,241,57,246,1
646,2026-03-25,13:30:28,29,15,178,155,455,1
647,2026-02-10,22:35:56,21,38,83,82,456,1
648,2026-04-15,13:49:57,1,65,28,278,457,1
649,2026-04-12,11:38:29,6,41,181,82,458,1
650,2026-03-20,11:03:16,47,6,300,253,344,1
651,2026-01-30,17:41:50,6,50,121,278,128,1
652,2026-01-25,13:00:51,19,119,293,155,459,1
653,2026-01-29,09:46:17,37,39,301,279,82,1
654,2026-04-30,11:44:54,19,72,40,121,460,1
655,2026-04-14,12:56:32,33,73,67,224,461,1
656,2026-04-13,21:14:26,4,30,82,262,462,1
657,2026-03-21,20:19:15,1,26,85,45,463,1
658,2026-02-16,19:26:37,19,33,90,121,464,1
659,2026-04-08,14:06:44,76,38,135,123,465,1
660,2026-01-12,18:28:45,8,58,269,173,466,1
661,2026-03-01,14:13:26,45,36,93,280,420,1
662,2026-03-04,21:35:11,3,26,302,130,123,1
663,2026-02-13,10:58:19,7,26,5,23,467,1
664,2026-04-27,09:39:42,43,116,114,281,468,1
665,2026-03-28,20:40:00,19,13,206,126,262,1
666,2026-03-26,22:53:01,25,92,303,187,469,1
667,2026-01-10,13:48:40,48,55,146,130,470,1
668,2026-03-27,17:01:02,54,7,304,216,471,1
669,2026-04-11,09:23:49,3,122,103,89,192,1
670,2026-01-23,14:02:40,8,27,305,172,356,1
671,2026-03-10,21:28:05,48,86,306,145,175,1
672,2026-03-01,17:47:44,2,4,228,9,416,1
673,2026-01-14,14:31:05,1,7,307,138,472,1
674,2026-02-09,18:11:30,32,106,200,271,473,1
675,2026-03-28,22:21:52,30,5,308,282,12,1
676,2026-04-21,22:31:16,44,40,282,135,213,1
677,2026-02-05,08:52:34,61,78,92,123,431,1
678,2026-01-29,10:48:22,1,110,65,124,278,1
679,2026-04-04,22:43:33,5,123,309,250,474,1
680,2026-02-28,11:25:37,30,96,128,54,410,1
681,2026-02-23,19:37:18,44,67,13,53,475,1
682,2026-04-10,16:56:54,1,4,39,67,25,1
683,2026-02-13,15:15:20,39,55,310,29,476,1
684,2026-02-10,07:53:26,47,17,65,257,12,1
685,2026-05-02,21:45:28,70,89,311,134,357,1
686,2026-03-10,11:06:24,20,22,206,11,119,1
687,2026-05-05,16:38:16,14,106,312,203,477,1
688,2026-05-09,07:00:03,3,26,27,93,199,1
689,2026-02-25,09:55:43,61,28,200,145,49,1
1961,2026-05-09,11:19:23,8,60,170,145,478,1
691,2026-04-20,10:08:47,77,9,108,195,308,1
692,2026-03-31,20:22:59,67,4,313,283,107,1
693,2026-04-28,10:22:41,6,92,291,189,479,1
694,2026-04-18,20:42:05,6,40,21,79,308,1
695,2026-04-01,07:38:53,22,105,8,170,480,1
696,2026-04-19,14:10:58,25,72,67,260,228,1
697,2026-05-06,09:14:01,59,48,13,88,416,1
698,2026-01-16,16:14:05,48,60,180,199,481,1
699,2026-01-17,07:19:34,35,60,80,155,482,1
700,2026-02-06,14:06:25,8,114,314,26,483,1
701,2026-03-12,14:57:18,36,54,141,4,319,1
702,2026-02-09,21:07:24,25,4,16,117,308,1
703,2026-03-09,16:17:12,3,6,315,40,484,1
704,2026-01-28,19:02:29,8,4,281,74,485,1
705,2026-03-01,20:19:19,5,60,104,271,486,1
706,2026-04-02,17:56:57,8,90,69,159,292,1
707,2026-01-21,14:59:40,8,56,265,92,487,1
708,2026-01-19,07:58:53,33,15,41,39,140,1
709,2026-02-01,20:03:38,22,25,316,235,13,1
710,2026-01-28,21:17:27,7,4,161,284,146,1
711,2026-01-27,21:12:04,43,103,60,267,488,1
712,2026-01-24,22:29:06,43,65,97,285,330,1
713,2026-01-21,11:01:38,3,3,121,82,450,1
714,2026-01-30,19:40:13,6,123,16,106,455,1
715,2026-04-29,10:22:01,30,26,112,27,27,1
716,2026-01-26,15:03:45,21,35,276,37,471,1
717,2026-01-21,21:51:27,53,60,317,203,240,1
718,2026-04-28,15:31:41,3,52,25,23,137,1
719,2026-02-09,08:24:19,33,16,108,33,489,1
720,2026-03-18,22:17:57,60,57,14,121,490,1
721,2026-05-01,14:36:42,20,54,69,26,491,1
722,2026-04-13,20:37:56,1,15,189,141,337,1
723,2026-02-15,17:22:22,46,73,318,127,273,1
724,2026-04-04,21:22:10,6,12,65,240,149,1
725,2026-04-23,21:55:06,6,34,199,286,492,1
726,2026-01-26,14:12:20,55,88,154,34,419,1
727,2026-04-21,22:34:09,8,34,244,287,357,1
728,2026-01-13,19:34:11,3,7,128,178,493,1
729,2026-02-21,15:17:31,29,60,319,268,262,1
730,2026-01-22,07:49:22,71,38,94,288,494,1
731,2026-03-02,11:27:47,46,114,8,252,162,1
732,2026-01-25,20:44:51,29,4,60,98,495,1
733,2026-05-01,20:39:10,1,106,30,227,10,1
734,2026-03-04,12:22:10,3,35,189,110,185,1
735,2026-02-02,16:07:42,46,6,154,174,496,1
736,2026-02-07,16:11:24,3,26,98,119,497,1
737,2026-01-20,18:43:52,52,26,62,289,471,1
738,2026-04-04,12:39:52,48,30,16,290,83,1
739,2026-01-20,20:09:04,14,55,22,179,364,1
740,2026-03-22,20:21:43,29,38,320,206,498,1
741,2026-02-20,14:17:49,46,40,148,3,499,1
742,2026-02-13,08:59:00,30,102,135,227,158,1
743,2026-03-13,12:25:59,8,55,288,117,279,1
744,2026-02-17,10:28:31,6,7,304,124,265,1
745,2026-03-06,20:57:48,29,60,91,12,271,1
746,2026-05-09,15:16:47,6,17,64,136,500,1
747,2026-05-02,10:58:58,38,86,138,157,501,1
748,2026-04-15,22:39:07,4,124,21,262,502,1
749,2026-01-29,22:37:10,9,29,93,129,374,1
750,2026-03-27,07:36:40,5,64,321,15,503,1
751,2026-02-20,15:26:18,65,48,322,101,169,1
752,2026-02-03,09:50:36,7,3,98,58,504,1
753,2026-02-25,17:02:12,21,19,243,218,505,1
754,2026-03-28,07:40:22,6,5,8,189,283,1
755,2026-04-02,07:03:06,25,80,112,91,506,1
756,2026-03-18,17:26:10,61,22,91,273,330,1
757,2026-04-16,08:49:08,48,48,323,291,160,1
758,2026-03-20,21:12:21,8,55,324,229,61,1
759,2026-01-21,11:31:05,20,41,278,30,199,1
760,2026-02-03,12:07:01,25,28,62,11,273,1
761,2026-02-09,17:22:12,55,7,277,292,507,1
762,2026-03-14,10:50:16,8,125,301,293,416,1
763,2026-04-28,15:25:01,8,60,21,200,194,1
764,2026-02-20,20:17:43,29,64,202,146,508,1
765,2026-01-31,13:55:06,3,7,46,19,30,1
766,2026-01-13,11:39:07,35,20,166,82,509,1
767,2026-02-20,19:21:10,78,86,219,5,510,1
768,2026-04-30,07:37:36,48,108,112,44,511,1
769,2026-03-14,07:38:16,3,4,325,203,25,1
770,2026-01-19,10:40:41,5,22,21,153,416,1
771,2026-04-01,22:05:39,3,35,298,170,240,1
772,2026-05-10,17:20:41,3,17,155,294,512,1
773,2026-02-18,18:27:09,75,63,202,27,513,1
774,2026-02-23,21:15:41,1,72,16,57,15,1
775,2026-02-23,16:09:35,68,21,326,29,80,1
776,2026-01-14,14:35:22,70,69,29,20,495,1
777,2026-05-06,17:04:38,3,15,327,200,512,1
778,2026-01-24,10:25:46,8,17,285,144,264,1
779,2026-04-29,22:05:19,4,60,133,295,357,1
780,2026-05-05,14:34:31,8,60,328,296,35,1
781,2026-04-16,20:08:28,3,50,161,33,309,1
782,2026-02-06,18:30:07,13,7,40,217,514,1
783,2026-03-04,09:23:38,8,7,329,105,262,1
784,2026-04-22,12:41:30,40,11,330,111,393,1
785,2026-02-17,22:52:08,46,26,164,5,515,1
786,2026-02-08,15:44:55,54,22,74,33,280,1
787,2026-01-18,22:58:29,5,43,257,110,12,1
788,2026-02-25,17:15:11,1,32,91,20,123,1
789,2026-03-01,13:37:09,5,65,331,183,516,1
790,2026-03-24,17:36:29,65,27,168,297,517,1
791,2026-02-14,09:13:04,25,43,43,105,518,1
792,2026-04-09,21:34:59,48,88,332,2,519,1
793,2026-05-02,16:28:21,46,12,43,78,520,1
794,2026-03-09,16:31:52,1,4,160,24,357,1
795,2026-02-20,09:40:26,48,35,169,34,521,1
796,2026-01-30,07:52:15,10,69,333,105,522,1
797,2026-02-18,07:29:11,24,26,53,15,523,1
798,2026-03-14,14:00:28,1,34,334,298,524,1
799,2026-04-25,20:01:17,25,65,260,286,474,1
800,2026-05-01,18:31:27,8,22,26,144,83,1
801,2026-02-25,22:58:59,5,28,335,20,131,1
802,2026-03-10,10:29:50,46,16,336,147,300,1
803,2026-01-27,14:53:53,20,60,337,114,525,1
804,2026-02-03,13:19:45,29,125,196,147,526,1
805,2026-01-27,19:42:11,30,25,112,238,116,1
806,2026-01-11,21:05:14,49,22,206,262,52,1
807,2026-04-16,20:18:43,5,28,126,14,160,1
808,2026-03-26,07:32:04,68,35,338,40,527,1
809,2026-04-10,17:59:55,3,50,339,21,411,1
810,2026-03-20,20:05:29,29,31,16,273,528,1
811,2026-03-07,17:09:49,46,60,128,241,54,1
812,2026-01-19,13:25:05,3,42,340,86,175,1
813,2026-04-07,09:33:44,61,2,29,24,67,1
814,2026-02-11,08:36:14,42,11,341,240,529,1
815,2026-03-03,16:59:45,20,69,161,89,204,1
816,2026-03-25,09:03:50,1,126,109,124,530,1
817,2026-05-03,11:57:28,22,29,342,93,424,1
818,2026-02-25,07:49:42,3,9,21,28,65,1
819,2026-03-08,07:11:58,5,38,64,15,198,1
820,2026-02-12,17:05:00,54,9,343,30,531,1
821,2026-01-21,10:14:21,7,40,29,139,488,1
822,2026-01-14,22:23:59,48,60,201,148,532,1
823,2026-03-30,13:28:34,25,43,172,28,249,1
824,2026-01-18,08:38:47,4,36,203,15,533,1
825,2026-04-13,13:33:04,8,5,344,241,336,1
826,2026-01-19,16:08:42,61,22,60,92,162,1
827,2026-03-30,22:08:24,60,55,68,97,49,1
828,2026-03-18,18:48:24,45,7,62,155,499,1
829,2026-02-08,08:05:40,59,22,42,214,219,1
830,2026-04-14,14:42:48,56,127,345,105,534,1
831,2026-05-08,12:52:07,23,65,13,126,80,1
832,2026-04-30,22:04:36,39,119,346,291,535,1
833,2026-03-29,09:42:23,8,69,167,19,536,1
834,2026-02-25,08:23:27,11,128,230,208,137,1
835,2026-03-08,16:36:55,48,55,67,195,537,1
836,2026-02-02,07:54:33,46,35,74,123,230,1
837,2026-04-12,11:19:08,1,4,182,87,538,1
838,2026-01-26,13:18:53,3,35,80,98,413,1
839,2026-02-04,07:06:18,75,4,48,138,16,1
840,2026-01-23,22:47:21,3,19,106,299,322,1
841,2026-05-10,22:29:52,1,72,123,300,539,1
842,2026-01-21,10:31:11,7,9,66,139,540,1
843,2026-04-13,22:36:19,14,58,283,106,541,1
844,2026-02-13,17:35:27,38,3,298,115,542,1
845,2026-03-06,17:06:53,46,86,29,72,540,1
846,2026-02-26,15:38:53,6,27,217,71,260,1
847,2026-03-23,20:18:06,6,22,347,260,543,1
848,2026-03-08,20:45:50,8,17,153,167,81,1
849,2026-01-12,16:06:25,26,26,128,301,70,1
850,2026-03-08,14:08:03,1,26,16,277,544,1
851,2026-01-22,07:10:59,21,19,60,52,122,1
852,2026-02-27,19:48:02,33,4,145,86,545,1
853,2026-04-12,09:27:40,60,58,178,193,546,1
854,2026-04-02,18:14:31,48,48,348,109,525,1
855,2026-03-24,07:48:04,46,55,128,302,510,1
856,2026-04-17,10:10:44,46,22,40,112,516,1
857,2026-04-16,08:19:36,6,58,40,187,55,1
858,2026-03-04,09:20:12,47,34,119,267,149,1
859,2026-01-28,13:27:31,43,15,285,58,277,1
860,2026-04-28,19:07:50,5,60,217,272,496,1
861,2026-03-22,12:32:31,6,4,42,60,547,1
862,2026-01-24,12:29:53,30,4,61,33,548,1
863,2026-03-23,14:54:15,25,15,265,134,549,1
864,2026-05-07,11:44:45,6,55,182,217,140,1
865,2026-04-17,13:47:48,48,90,349,13,465,1
866,2026-04-02,12:05:43,25,81,10,129,207,1
867,2026-02-17,07:46:42,30,73,137,61,550,1
868,2026-03-16,20:11:10,8,58,50,9,551,1
869,2026-04-30,22:02:03,43,76,242,267,240,1
870,2026-01-12,10:24:07,37,9,121,160,552,1
871,2026-02-13,10:03:44,30,129,60,260,553,1
872,2026-03-23,17:27:55,8,29,275,30,148,1
873,2026-04-27,18:54:41,25,7,246,43,1,1
874,2026-01-19,15:50:56,8,86,86,146,554,1
875,2026-03-08,11:16:05,25,4,350,19,199,1
876,2026-03-09,17:42:02,48,11,144,82,555,1
877,2026-01-16,17:37:54,6,34,337,48,277,1
878,2026-04-12,14:28:21,48,17,65,111,247,1
879,2026-01-24,14:34:46,53,60,333,119,556,1
880,2026-02-10,21:40:01,1,50,108,62,389,1
881,2026-03-17,20:58:38,49,15,351,303,91,1
882,2026-03-15,15:58:04,7,76,128,304,339,1
883,2026-03-08,17:28:22,25,27,352,17,121,1
884,2026-02-06,20:18:23,25,56,153,170,557,1
885,2026-04-20,22:20:02,52,86,182,146,558,1
886,2026-05-03,17:12:24,6,21,88,278,559,1
95,2026-03-18,07:22:43,33,56,76,80,90,1
888,2026-03-29,14:27:16,4,103,353,198,220,1
889,2026-02-09,20:05:37,69,118,354,19,253,1
890,2026-04-25,09:20:32,25,33,355,305,319,1
891,2026-04-20,09:39:24,25,50,169,150,61,1
892,2026-03-28,08:36:01,51,59,185,98,560,1
893,2026-04-23,08:35:26,38,17,132,143,561,1
894,2026-04-17,13:35:27,1,33,21,239,562,1
895,2026-01-13,15:35:07,3,38,82,21,43,1
896,2026-03-16,14:12:41,3,55,112,126,60,1
897,2026-05-03,09:18:18,63,72,234,5,143,1
898,2026-02-19,12:12:30,6,3,126,125,563,1
899,2026-02-23,16:26:32,8,35,356,19,450,1
900,2026-04-30,21:58:39,47,92,21,306,241,1
901,2026-02-14,11:43:08,48,114,260,118,325,1
902,2026-05-10,07:52:51,3,22,357,307,246,1
903,2026-02-21,20:11:26,8,69,61,198,564,1
904,2026-05-05,07:10:31,30,72,98,63,290,1
905,2026-03-01,16:02:20,35,40,20,74,565,1
906,2026-02-25,21:14:54,5,4,340,308,566,1
907,2026-04-17,07:27:58,4,5,167,309,567,1
908,2026-03-25,10:25:15,21,20,178,240,568,1
909,2026-05-10,07:49:25,1,72,5,310,190,1
910,2026-04-24,20:02:26,43,78,43,263,569,1
911,2026-01-22,18:17:20,25,58,84,238,570,1
912,2026-01-15,18:22:22,21,4,200,20,273,1
913,2026-02-02,19:28:28,8,3,8,12,41,1
914,2026-03-31,21:32:58,9,9,358,54,571,1
915,2026-02-26,19:35:16,1,69,359,174,98,1
916,2026-05-03,16:53:59,48,19,259,250,572,1
917,2026-05-05,13:38:01,25,4,60,250,573,1
918,2026-01-19,07:57:31,6,114,360,112,574,1
919,2026-03-05,22:58:45,3,5,29,270,70,1
920,2026-01-25,22:01:15,46,73,286,42,474,1
921,2026-03-02,18:28:57,25,76,250,275,575,1
922,2026-05-03,22:06:21,20,60,60,52,576,1
923,2026-03-28,22:25:47,1,9,93,89,199,1
924,2026-02-01,19:19:17,29,17,29,88,228,1
925,2026-01-20,16:27:24,7,60,223,126,219,1
926,2026-03-26,22:54:03,63,38,41,273,577,1
927,2026-03-24,18:14:27,50,130,84,75,460,1
928,2026-04-23,11:41:05,6,106,153,195,578,1
929,2026-02-16,09:36:19,68,58,361,211,579,1
930,2026-02-16,21:45:13,44,22,128,36,580,1
931,2026-02-16,12:31:02,3,113,206,34,581,1
932,2026-05-07,20:04:52,2,60,208,66,465,1
933,2026-01-11,22:39:54,52,4,362,311,82,1
934,2026-04-02,13:39:52,4,59,290,119,582,1
935,2026-03-30,19:03:55,25,29,138,131,266,1
936,2026-02-22,22:36:38,79,7,103,147,583,1
937,2026-05-03,21:10:31,1,59,5,121,45,1
617,2026-05-06,11:53:11,70,55,363,174,584,1
939,2026-01-31,10:37:32,7,76,265,181,104,1
940,2026-03-12,19:40:56,8,46,53,60,296,1
941,2026-04-03,22:36:57,14,58,107,312,585,1
942,2026-02-09,19:32:13,14,66,285,89,586,1
943,2026-02-21,07:30:22,1,6,174,14,167,1
944,2026-04-05,18:07:24,1,90,276,313,587,1
945,2026-04-24,16:07:15,6,4,364,109,588,1
946,2026-03-29,09:59:49,4,32,213,45,431,1
947,2026-01-27,10:43:16,48,21,290,115,227,1
948,2026-03-23,10:19:15,19,77,8,115,247,1
949,2026-03-12,10:32:21,73,56,161,167,109,1
950,2026-04-22,20:18:22,30,125,56,314,269,1
951,2026-01-25,09:14:37,1,55,128,315,589,1
952,2026-01-20,16:58:01,3,50,168,243,590,1
953,2026-02-14,09:15:22,80,7,341,257,591,1
954,2026-03-01,18:35:16,14,39,365,110,476,1
955,2026-03-05,08:46:29,4,2,310,155,247,1
956,2026-03-06,22:22:51,61,59,366,20,546,1
957,2026-04-22,15:56:38,10,67,161,277,592,1
958,2026-02-04,21:52:21,49,69,367,136,208,1
959,2026-05-03,11:39:58,8,78,19,89,128,1
960,2026-01-29,15:29:54,3,18,368,57,27,1
961,2026-03-11,10:03:44,3,50,369,121,593,1
962,2026-03-04,15:54:24,8,17,128,147,3,1
963,2026-03-14,11:01:57,40,4,99,155,344,1
964,2026-01-28,19:38:27,43,50,26,68,41,1
965,2026-02-10,09:02:56,25,38,16,98,594,1
966,2026-03-06,09:15:00,36,106,208,121,199,1
967,2026-02-22,17:16:40,43,5,62,114,364,1
968,2026-04-09,12:09:46,48,60,370,316,595,1
969,2026-03-18,14:52:11,30,12,345,4,270,1
970,2026-04-18,18:22:08,6,88,317,317,596,1
971,2026-05-05,19:26:26,20,9,371,106,597,1
972,2026-02-27,14:27:17,6,55,6,159,598,1
973,2026-04-18,09:28:43,1,113,144,71,317,1
974,2026-01-12,07:25:34,8,12,372,11,158,1
975,2026-03-21,15:38:05,41,36,42,64,599,1
976,2026-01-25,14:26:48,3,56,19,223,277,1
977,2026-05-09,22:24:15,8,7,64,136,52,1
978,2026-04-18,13:52:36,18,64,373,267,600,1
979,2026-03-26,13:37:10,6,60,121,135,601,1
980,2026-04-20,10:30:22,29,17,56,318,587,1
981,2026-04-17,17:10:08,54,76,374,73,364,1
982,2026-01-31,22:31:15,8,7,360,136,602,1
983,2026-04-01,11:56:41,66,26,375,193,603,1
984,2026-03-23,20:43:15,6,91,112,319,3,1
985,2026-02-08,20:09:45,3,16,33,131,604,1
986,2026-05-05,14:36:51,3,53,21,140,605,1
987,2026-02-11,11:09:07,50,72,376,152,364,1
988,2026-02-17,12:35:32,8,30,68,260,67,1
989,2026-02-12,17:35:57,33,41,377,129,134,1
990,2026-02-15,17:25:54,73,86,241,109,606,1
991,2026-03-28,19:18:04,81,21,277,110,233,1
992,2026-02-06,12:27:01,82,27,241,320,607,1
993,2026-02-28,12:49:12,3,2,126,121,608,1
994,2026-04-04,09:31:34,29,5,80,109,476,1
995,2026-02-22,11:22:50,33,42,128,21,419,1
996,2026-03-22,11:29:40,8,40,378,321,121,1
997,2026-01-17,14:28:47,10,60,379,165,609,1
998,2026-02-27,22:00:13,19,62,147,231,186,1
999,2026-02-17,10:19:25,29,52,380,203,610,1
1000,2026-02-12,15:17:02,1,77,158,159,606,1
1001,2026-05-07,21:36:17,75,42,381,127,134,1
1002,2026-01-16,17:26:11,14,29,65,14,611,1
1003,2026-05-10,19:59:08,8,131,154,215,214,1
1004,2026-04-08,18:41:27,6,35,234,89,612,1
1005,2026-04-18,07:32:33,34,85,209,322,613,1
1006,2026-04-18,21:05:08,32,105,382,58,614,1
1007,2026-02-26,16:30:22,31,54,324,18,281,1
1008,2026-03-23,13:24:33,32,7,249,147,38,1
1009,2026-04-12,20:08:51,3,19,148,297,146,1
1010,2026-02-28,20:55:13,31,16,320,323,127,1
1011,2026-04-06,16:31:12,1,107,99,22,615,1
1012,2026-02-14,17:06:03,6,22,154,224,152,1
1013,2026-01-27,10:13:00,35,59,158,269,616,1
1014,2026-03-29,16:39:34,29,24,136,152,617,1
1015,2026-01-21,10:25:29,73,65,383,170,440,1
1016,2026-03-23,16:28:46,3,43,116,324,618,1
1017,2026-01-31,07:45:15,21,77,158,238,613,1
1018,2026-02-20,22:31:08,50,104,384,4,462,1
1019,2026-01-18,13:55:36,1,56,9,325,140,1
1020,2026-02-08,12:59:46,20,5,143,16,50,1
1021,2026-02-16,10:03:36,4,5,385,135,619,1
1022,2026-03-04,19:32:04,7,6,386,250,17,1
1023,2026-02-02,21:54:29,4,15,360,320,91,1
1024,2026-03-23,10:17:43,10,28,12,326,620,1
1025,2026-04-17,21:06:34,49,45,67,19,621,1
1026,2026-01-12,09:52:00,29,68,238,231,362,1
1027,2026-01-14,11:16:08,19,96,161,105,204,1
1028,2026-05-04,19:58:01,1,7,29,23,190,1
1029,2026-04-01,15:58:43,8,73,161,179,54,1
1030,2026-03-09,12:03:47,42,64,207,9,622,1
1031,2026-05-03,07:53:42,6,30,53,327,16,1
1032,2026-03-17,07:07:07,1,56,40,50,623,1
1033,2026-04-24,07:29:33,1,15,263,326,624,1
1034,2026-03-05,13:08:15,8,73,135,5,625,1
1035,2026-01-24,19:57:07,48,10,126,155,626,1
1036,2026-02-13,17:10:33,1,4,387,328,627,1
1037,2026-03-26,21:04:02,29,28,168,329,628,1
1038,2026-01-25,11:45:00,3,12,30,131,629,1
1039,2026-01-30,13:35:44,30,5,362,71,630,1
1040,2026-01-11,14:33:30,67,91,64,330,319,1
1041,2026-05-05,19:37:42,20,48,388,329,631,1
1042,2026-01-31,21:56:27,25,67,85,152,632,1
1043,2026-02-23,08:42:29,29,45,48,27,633,1
1044,2026-02-01,09:05:26,33,59,93,281,634,1
1045,2026-04-05,07:29:41,1,21,53,141,424,1
1046,2026-01-28,21:01:24,43,36,43,250,344,1
1047,2026-02-11,15:58:44,66,127,389,36,635,1
1048,2026-04-08,17:14:31,12,28,40,275,608,1
1049,2026-02-06,22:38:59,43,22,65,73,117,1
1050,2026-05-09,10:16:29,30,17,16,51,187,1
1051,2026-02-08,22:15:40,71,15,123,114,265,1
1052,2026-04-30,11:18:34,25,5,390,331,70,1
1053,2026-04-03,13:48:30,6,95,71,332,636,1
1054,2026-04-09,17:52:47,36,65,6,3,620,1
1055,2026-04-02,09:06:09,6,17,249,98,262,1
1056,2026-03-11,09:03:54,74,4,85,82,322,1
1057,2026-03-01,14:51:48,25,9,82,5,637,1
1058,2026-03-16,07:00:07,6,132,215,333,638,1
1059,2026-03-19,12:45:51,1,5,299,334,639,1
1060,2026-03-05,12:22:17,25,62,133,146,43,1
1061,2026-04-18,10:10:51,25,22,268,181,640,1
1062,2026-04-30,16:46:51,33,16,90,125,641,1
1063,2026-03-22,16:47:43,6,127,182,318,161,1
1064,2026-03-14,08:28:06,1,19,1,154,170,1
1065,2026-02-22,21:33:48,3,17,154,106,531,1
1066,2026-01-22,15:21:37,1,22,391,257,144,1
1067,2026-04-05,07:26:28,25,4,137,200,587,1
1068,2026-03-04,07:26:07,21,71,16,11,642,1
1069,2026-02-15,09:21:52,7,23,16,3,52,1
1070,2026-03-27,20:03:54,1,64,282,71,530,1
1071,2026-01-22,08:50:29,25,22,71,20,233,1
1072,2026-03-10,10:12:39,46,79,8,335,643,1
1073,2026-03-24,11:38:40,6,110,215,110,644,1
1074,2026-01-23,10:51:42,48,17,200,50,645,1
1075,2026-03-15,12:09:26,5,110,275,96,97,1
1076,2026-01-16,07:31:46,46,109,392,273,608,1
1077,2026-03-21,17:20:48,8,9,390,168,646,1
1078,2026-01-29,18:46:45,25,25,114,25,647,1
1079,2026-04-14,22:31:46,6,76,78,336,173,1
1080,2026-02-25,07:26:44,3,72,218,155,190,1
1081,2026-02-04,08:29:51,21,3,92,53,43,1
1082,2026-04-29,14:28:20,6,100,393,290,328,1
1083,2026-03-05,09:19:34,8,55,181,82,192,1
1084,2026-03-08,18:48:13,5,40,19,224,648,1
1085,2026-03-19,17:26:02,6,22,259,51,436,1
1086,2026-04-04,18:59:57,18,113,67,6,10,1
1087,2026-02-14,12:31:07,6,4,394,76,273,1
1088,2026-04-13,09:52:35,17,19,225,130,649,1
1089,2026-02-26,12:44:51,25,26,395,123,162,1
2124,2026-03-03,19:35:24,1,26,275,89,650,1
1091,2026-03-01,12:06:47,6,133,185,203,651,1
1092,2026-05-03,15:06:34,18,58,129,300,60,1
1093,2026-01-28,12:30:44,1,105,102,337,652,1
1094,2026-02-16,08:12:53,3,17,159,338,653,1
1095,2026-04-29,20:43:49,27,34,126,273,654,1
1096,2026-03-12,09:58:33,3,17,41,71,655,1
1097,2026-04-17,13:14:27,29,22,93,30,420,1
1098,2026-04-21,10:55:35,30,15,119,339,2,1
1099,2026-05-05,08:24:04,83,22,296,225,656,1
1100,2026-03-12,11:25:22,66,102,182,197,50,1
1101,2026-02-05,14:49:16,3,29,159,161,657,1
1102,2026-03-04,13:13:57,7,26,160,93,126,1
1103,2026-02-08,07:38:05,30,27,241,89,658,1
1104,2026-02-03,21:30:06,14,36,391,133,659,1
1105,2026-01-28,22:29:32,15,21,85,135,660,1
1106,2026-04-16,07:32:32,8,117,84,52,283,1
1107,2026-01-10,07:11:44,19,76,318,29,65,1
2199,2026-04-18,21:59:46,3,73,257,19,661,1
1109,2026-04-08,10:53:52,3,7,43,12,662,1
1110,2026-02-18,09:48:48,3,40,280,189,513,1
1111,2026-02-10,10:48:21,8,71,182,140,663,1
1112,2026-03-04,07:48:58,33,35,244,73,664,1
1113,2026-04-28,16:19:24,8,64,83,147,60,1
1114,2026-02-27,09:58:48,29,2,355,149,665,1
1115,2026-02-11,16:14:57,25,11,251,3,168,1
558,2026-03-06,13:14:08,70,17,60,147,407,1
1117,2026-04-23,08:58:53,46,21,178,129,431,1
1118,2026-01-22,22:52:46,25,106,22,340,666,1
1119,2026-03-03,15:03:28,7,35,126,221,325,1
1120,2026-05-08,12:06:01,25,48,396,11,178,1
1121,2026-01-23,20:35:52,17,99,189,60,92,1
1122,2026-01-10,11:07:51,10,34,144,127,667,1
1123,2026-02-12,10:46:21,21,17,10,14,156,1
1124,2026-04-22,20:47:02,48,26,325,185,140,1
1125,2026-05-08,21:31:54,25,3,296,85,668,1
1126,2026-02-23,14:36:14,21,27,90,91,669,1
1127,2026-02-10,19:55:33,8,60,108,67,94,1
373,2026-04-04,10:10:53,25,38,66,125,296,1
1129,2026-03-09,08:40:26,6,85,92,122,141,1
1130,2026-02-12,15:40:59,25,90,315,261,309,1
1131,2026-02-22,08:17:39,10,77,397,168,670,1
1132,2026-04-18,08:28:36,3,58,375,4,40,1
1133,2026-04-02,22:34:46,47,21,164,189,233,1
1134,2026-01-10,13:19:19,21,88,398,57,194,1
1135,2026-01-11,09:09:11,42,14,241,110,495,1
1136,2026-04-06,15:48:35,3,22,22,12,152,1
1137,2026-03-11,13:09:04,25,134,323,164,671,1
1138,2026-04-02,08:24:20,7,116,78,291,289,1
1139,2026-01-29,17:42:37,15,125,399,124,198,1
1140,2026-03-04,18:06:00,21,13,167,54,289,1
1141,2026-04-03,22:22:17,1,7,189,341,55,1
1142,2026-03-07,18:00:48,7,30,309,57,262,1
1143,2026-04-28,22:35:48,17,11,400,126,672,1
1144,2026-01-18,18:38:08,6,17,33,342,643,1
1145,2026-03-11,07:57:19,11,17,203,317,673,1
1146,2026-02-12,17:51:12,74,4,160,312,462,1
1147,2026-03-26,10:31:55,1,111,317,48,240,1
1148,2026-01-15,13:57:30,2,4,60,89,28,1
1149,2026-04-01,15:25:35,1,18,8,250,194,1
1150,2026-04-28,12:48:25,25,72,78,343,247,1
1151,2026-03-20,19:14:16,4,135,375,39,674,1
1152,2026-05-01,12:13:32,30,4,67,19,675,1
1153,2026-01-21,13:15:57,25,78,8,28,23,1
1154,2026-02-11,12:56:07,56,4,160,40,676,1
1155,2026-02-12,17:41:49,35,69,1,4,162,1
1156,2026-04-07,15:05:38,25,29,401,155,192,1
1157,2026-03-21,10:25:20,6,28,82,344,677,1
1158,2026-01-21,11:38:53,21,42,2,114,339,1
1159,2026-02-20,15:04:14,14,17,81,224,678,1
1160,2026-01-12,07:35:54,37,32,320,120,54,1
1161,2026-03-01,09:33:49,8,35,5,15,7,1
1162,2026-01-29,17:54:04,1,84,37,345,679,1
1163,2026-02-09,10:37:43,25,4,402,117,680,1
1164,2026-02-17,12:16:25,41,32,144,71,277,1
1165,2026-01-19,14:54:26,6,71,60,127,97,1
1166,2026-02-15,18:38:36,66,4,90,286,194,1
1167,2026-04-03,14:53:44,68,3,371,243,344,1
1168,2026-02-26,12:36:44,6,136,403,129,681,1
1169,2026-03-20,10:16:54,37,12,247,66,682,1
1170,2026-01-23,21:00:34,7,55,12,14,683,1
1171,2026-02-28,11:10:44,68,35,189,187,207,1
1172,2026-02-16,15:59:30,6,72,182,51,684,1
1173,2026-01-24,22:40:57,48,28,296,346,465,1
1174,2026-04-01,11:17:54,73,15,6,298,685,1
1175,2026-05-04,08:14:16,30,119,375,347,686,1
1176,2026-01-12,19:42:57,6,14,30,105,190,1
1177,2026-05-04,09:00:06,56,60,68,33,35,1
1178,2026-04-22,13:52:22,8,81,276,60,97,1
1179,2026-01-14,15:37:21,20,22,187,45,112,1
1180,2026-05-06,09:55:03,43,90,285,19,178,1
1181,2026-05-03,16:57:28,14,48,40,271,524,1
1182,2026-03-12,14:44:44,3,36,324,153,317,1
1183,2026-03-21,17:09:39,46,41,193,51,530,1
1184,2026-02-05,13:55:42,70,22,199,216,163,1
1185,2026-01-28,15:10:14,34,56,99,348,446,1
1186,2026-02-23,11:07:42,10,88,182,165,687,1
1187,2026-03-16,22:29:38,15,18,404,51,688,1
1481,2026-02-24,22:29:42,38,13,109,11,123,1
1189,2026-01-29,14:12:11,14,21,275,257,689,1
1190,2026-01-14,15:07:12,35,86,275,178,690,1
1191,2026-02-09,19:48:27,6,93,133,195,691,1
1192,2026-01-14,11:15:45,8,78,112,157,198,1
1193,2026-04-04,22:35:00,46,22,203,99,342,1
1194,2026-03-23,19:34:44,13,119,405,53,369,1
1195,2026-03-29,18:11:00,1,30,93,155,148,1
1196,2026-04-28,15:19:32,25,12,18,40,28,1
1197,2026-04-11,19:50:00,3,19,301,223,692,1
1198,2026-03-08,09:22:14,1,60,406,131,693,1
1199,2026-04-23,18:20:02,10,85,310,243,38,1
1200,2026-02-28,20:17:29,56,46,107,135,447,1
1201,2026-04-08,22:17:50,6,26,260,221,431,1
1202,2026-02-24,17:25:27,48,16,40,110,694,1
1203,2026-02-25,17:17:56,4,32,123,250,191,1
1204,2026-03-03,10:50:46,1,12,407,349,262,1
1205,2026-02-04,20:36:57,3,4,276,82,18,1
1206,2026-04-17,08:47:51,1,58,16,28,124,1
1207,2026-01-24,20:16:47,3,55,156,350,186,1
1208,2026-03-01,20:26:40,8,9,157,351,249,1
1209,2026-02-17,09:11:40,6,15,192,155,14,1
1210,2026-02-13,16:17:45,1,20,162,52,70,1
1211,2026-04-11,14:49:22,34,19,128,51,695,1
1212,2026-03-22,10:40:25,6,109,30,339,22,1
1213,2026-03-23,12:07:37,14,26,161,339,120,1
1214,2026-04-22,14:31:39,1,6,200,101,198,1
1215,2026-03-20,13:21:11,8,28,408,69,485,1
1216,2026-04-17,17:52:22,20,32,65,43,368,1
1217,2026-03-22,11:39:07,52,14,409,86,696,1
1218,2026-04-22,07:53:20,30,40,1,272,697,1
1219,2026-04-18,21:13:40,46,51,79,11,51,1
1220,2026-03-23,19:30:03,6,38,213,231,135,1
1221,2026-04-16,18:28:27,8,78,370,121,465,1
1222,2026-01-20,07:20:54,73,98,63,89,439,1
1223,2026-01-19,21:12:15,8,16,64,231,698,1
1224,2026-01-19,10:20:40,25,17,84,307,620,1
1225,2026-01-11,09:23:34,25,59,43,4,699,1
1226,2026-02-01,17:13:59,56,14,410,174,700,1
1227,2026-04-30,14:21:24,74,132,203,352,701,1
1228,2026-02-15,14:33:07,4,3,30,22,632,1
1229,2026-01-11,11:49:10,14,109,8,31,416,1
1230,2026-04-21,16:38:32,75,78,233,27,702,1
1231,2026-02-20,14:27:51,8,7,60,353,703,1
1232,2026-03-04,20:17:50,6,3,108,112,643,1
1233,2026-02-06,16:55:16,10,77,65,12,253,1
1234,2026-03-16,15:15:19,25,62,65,82,704,1
1235,2026-02-07,20:46:29,8,86,80,28,450,1
1236,2026-01-30,15:46:23,8,128,153,45,705,1
1237,2026-01-26,09:35:50,3,22,101,283,111,1
1238,2026-04-19,12:26:10,5,82,60,354,179,1
1239,2026-01-20,12:32:07,46,22,209,37,706,1
1240,2026-03-10,22:00:47,8,5,132,262,12,1
1241,2026-05-07,11:08:25,1,42,222,355,78,1
1242,2026-01-16,18:21:38,1,4,206,348,707,1
1243,2026-01-15,15:56:02,33,26,101,356,530,1
1244,2026-04-13,14:04:14,1,102,326,121,584,1
1245,2026-05-10,16:04:26,30,15,234,253,708,1
1246,2026-01-18,14:00:48,80,95,190,59,709,1
1247,2026-01-11,18:53:14,56,12,317,134,165,1
1248,2026-02-18,11:10:51,8,17,233,53,268,1
1249,2026-04-27,22:52:57,25,22,389,45,710,1
1250,2026-04-14,18:41:24,17,120,79,96,111,1
1251,2026-03-12,09:07:03,12,4,90,57,356,1
1252,2026-05-08,08:24:29,3,96,200,67,456,1
1253,2026-02-28,22:34:58,20,2,324,232,270,1
1254,2026-02-10,17:15:37,25,3,235,127,711,1
1255,2026-02-28,11:54:00,32,55,129,109,412,1
1256,2026-03-16,14:46:32,6,107,133,116,712,1
1257,2026-03-04,11:12:59,6,43,41,178,681,1
1258,2026-04-27,18:23:29,24,3,279,59,540,1
1259,2026-02-01,09:31:47,6,13,64,44,713,1
1260,2026-04-30,16:23:45,36,65,226,130,714,1
1261,2026-02-26,09:03:57,53,38,65,98,174,1
1262,2026-04-14,16:04:51,34,7,249,98,110,1
1263,2026-02-23,21:20:01,25,51,60,250,715,1
1264,2026-02-05,19:33:27,26,2,166,21,91,1
1265,2026-03-04,18:04:55,4,88,5,141,716,1
1266,2026-05-08,15:01:53,1,29,175,186,59,1
1267,2026-02-05,18:38:59,48,5,30,45,475,1
1268,2026-04-11,16:10:29,46,36,230,126,717,1
1269,2026-04-25,08:13:13,29,24,411,105,718,1
1270,2026-02-16,09:42:50,59,9,92,113,719,1
1271,2026-04-29,21:57:28,1,35,412,50,453,1
1864,2026-03-09,22:49:11,5,83,375,91,720,1
1273,2026-02-23,07:22:44,69,22,413,107,721,1
1274,2026-03-11,16:28:46,43,36,244,357,722,1
1275,2026-04-26,07:07:00,60,113,393,65,300,1
1276,2026-03-22,16:03:51,3,15,28,238,723,1
1277,2026-05-09,13:26:43,3,15,242,67,587,1
1278,2026-03-02,15:26:00,21,4,4,238,13,1
1279,2026-01-20,11:31:17,43,76,414,159,469,1
1280,2026-03-25,11:00:49,74,71,415,76,513,1
1281,2026-01-10,15:27:01,8,77,277,105,35,1
1282,2026-03-13,19:19:54,33,17,60,141,724,1
1283,2026-03-09,11:55:13,55,60,164,241,447,1
1284,2026-04-08,12:47:11,1,78,223,250,279,1
1285,2026-03-19,19:47:12,20,7,138,230,265,1
1286,2026-01-23,11:16:01,6,3,207,195,319,1
1287,2026-03-01,16:20:23,81,55,203,224,60,1
1288,2026-01-23,22:26:55,6,50,40,147,146,1
1289,2026-02-16,13:16:26,29,40,416,22,725,1
1290,2026-02-22,21:51:13,25,38,309,63,726,1
1291,2026-01-25,17:11:45,84,71,241,126,324,1
1292,2026-04-19,09:32:42,4,43,230,236,642,1
1293,2026-04-30,12:57:18,25,22,16,71,727,1
1294,2026-05-08,11:11:06,21,55,159,263,119,1
1295,2026-02-15,17:17:19,1,17,60,135,728,1
1296,2026-02-04,17:51:07,10,109,50,37,663,1
1297,2026-02-04,15:32:29,3,62,41,71,729,1
1298,2026-02-15,15:33:28,35,36,85,139,635,1
1299,2026-03-06,08:49:37,19,34,217,3,51,1
1300,2026-02-15,21:13:09,6,5,417,221,730,1
1301,2026-04-22,09:04:37,8,113,418,148,731,1
1302,2026-03-11,11:27:45,1,60,180,193,423,1
1303,2026-01-18,16:30:31,22,50,19,20,732,1
1304,2026-04-11,11:51:46,6,5,94,3,302,1
1305,2026-04-23,12:14:12,25,27,419,34,733,1
1306,2026-01-25,17:24:40,19,58,50,40,734,1
1307,2026-04-14,21:11:26,35,4,420,186,323,1
1308,2026-03-02,20:39:57,18,67,84,26,311,1
1309,2026-04-18,19:01:06,57,85,379,5,735,1
1310,2026-02-10,21:51:11,6,137,61,260,17,1
1311,2026-03-07,17:36:43,3,17,50,308,736,1
1312,2026-04-22,07:46:02,8,26,268,6,737,1
1313,2026-03-12,13:34:02,8,99,43,321,738,1
1314,2026-01-26,19:51:53,10,91,101,358,525,1
1315,2026-01-10,17:02:07,21,2,297,359,739,1
1316,2026-02-20,13:48:10,25,88,209,93,447,1
1317,2026-01-21,21:47:49,73,48,162,267,273,1
1318,2026-02-04,19:34:18,25,5,421,43,352,1
2405,2026-04-01,12:22:20,6,9,60,11,198,1
1320,2026-02-03,22:07:33,3,47,371,181,280,1
1321,2026-01-22,15:12:50,43,118,422,28,740,1
1322,2026-01-15,22:31:14,30,6,128,278,581,1
1323,2026-04-06,10:26:28,1,67,58,231,273,1
1324,2026-03-09,17:12:20,5,40,281,60,9,1
1325,2026-03-04,17:42:49,6,72,423,123,357,1
1326,2026-01-31,19:11:39,25,16,78,171,741,1
1327,2026-02-23,07:18:30,1,6,30,61,742,1
1328,2026-03-18,21:07:32,3,36,154,358,137,1
1329,2026-02-06,08:54:35,3,12,60,271,313,1
1330,2026-01-24,19:22:18,29,4,327,360,214,1
1331,2026-03-13,14:29:15,11,55,25,361,743,1
1332,2026-03-04,12:01:39,1,22,415,106,120,1
1333,2026-02-22,22:45:31,59,7,181,250,279,1
1334,2026-01-21,18:56:18,14,109,30,226,58,1
1335,2026-04-15,20:38:05,4,24,93,81,650,1
1336,2026-03-12,16:43:41,1,107,128,157,189,1
1337,2026-03-25,21:56:56,8,12,50,115,167,1
538,2026-03-10,10:06:14,3,119,270,61,399,1
1339,2026-05-08,18:56:13,20,4,22,273,279,1
1340,2026-02-04,08:31:40,5,40,128,61,695,1
1341,2026-03-06,13:10:04,58,17,424,181,524,1
1342,2026-03-21,07:01:55,1,5,189,340,289,1
1343,2026-04-18,10:56:58,25,17,370,89,589,1
1344,2026-04-14,13:34:25,6,138,214,179,744,1
1345,2026-03-07,07:00:11,30,52,259,58,745,1
1346,2026-01-18,09:45:15,63,26,103,96,746,1
1347,2026-01-22,12:00:05,3,26,324,20,134,1
1348,2026-03-20,16:29:30,1,119,425,50,503,1
1349,2026-01-23,11:33:11,10,40,180,116,220,1
1350,2026-01-22,09:30:14,30,81,148,79,220,1
1351,2026-04-16,19:38:28,4,37,98,22,235,1
1352,2026-02-16,10:17:58,19,12,25,294,284,1
1353,2026-01-10,10:44:18,71,99,426,82,747,1
1354,2026-03-10,07:29:49,21,59,98,362,748,1
1355,2026-02-06,21:33:25,1,90,275,98,531,1
1356,2026-02-26,14:12:19,1,106,395,96,97,1
1357,2026-01-10,21:15:46,1,82,277,198,52,1
1358,2026-02-02,09:47:11,25,76,427,181,730,1
1359,2026-02-12,20:54:18,6,46,376,4,749,1
1360,2026-05-09,11:36:03,1,3,97,363,338,1
1361,2026-03-10,11:20:44,21,4,128,23,715,1
1362,2026-05-04,15:13:25,60,17,224,154,344,1
1363,2026-02-20,22:51:53,1,86,62,74,490,1
1364,2026-02-24,21:49:47,4,113,290,49,52,1
1365,2026-04-17,09:59:36,6,55,2,20,180,1
1366,2026-01-17,07:30:23,3,64,157,19,457,1
1367,2026-04-18,15:40:12,20,57,417,364,292,1
1368,2026-02-07,18:26:10,6,4,30,180,39,1
1369,2026-02-21,14:14:12,29,22,428,98,35,1
1370,2026-03-17,09:18:09,43,106,1,11,750,1
1371,2026-04-17,14:51:59,3,22,208,127,213,1
1372,2026-04-02,07:45:53,1,26,429,185,325,1
1373,2026-03-30,11:09:40,66,69,114,185,751,1
1374,2026-01-20,07:49:17,46,17,137,125,752,1
1375,2026-02-17,20:08:07,3,4,321,209,389,1
1376,2026-02-01,13:01:21,69,43,19,131,321,1
1377,2026-01-31,10:44:39,3,63,7,326,753,1
1378,2026-01-14,13:25:14,44,7,241,87,429,1
1379,2026-01-21,20:49:46,14,36,399,51,337,1
1380,2026-05-02,21:33:42,54,64,27,131,754,1
1381,2026-04-03,08:14:21,21,115,86,141,755,1
1382,2026-03-31,20:41:33,10,60,43,49,228,1
1383,2026-05-09,19:29:25,68,76,223,3,354,1
1384,2026-04-23,10:27:40,5,4,230,43,710,1
1385,2026-03-15,13:16:21,16,7,244,200,756,1
1386,2026-05-09,07:14:16,67,114,181,121,279,1
1387,2026-04-21,18:19:44,8,23,419,217,757,1
1388,2026-05-06,11:06:00,47,52,151,61,758,1
1389,2026-01-14,09:36:03,25,40,90,253,109,1
1390,2026-02-08,17:38:55,6,58,169,241,220,1
1391,2026-03-23,22:34:51,39,36,80,19,759,1
1392,2026-01-24,16:13:26,25,64,65,9,171,1
1393,2026-01-13,15:44:30,1,139,347,60,197,1
1394,2026-05-05,20:21:46,48,91,204,312,465,1
1395,2026-03-25,09:27:22,13,17,16,67,534,1
1396,2026-03-20,09:09:57,1,102,407,365,660,1
1397,2026-03-11,19:46:13,61,43,430,105,475,1
1398,2026-03-25,20:01:45,8,27,276,48,167,1
1399,2026-02-23,07:12:33,3,17,161,160,503,1
1400,2026-04-18,08:05:58,29,92,93,146,39,1
1401,2026-01-14,17:34:00,3,69,165,119,760,1
1402,2026-01-10,13:54:21,8,66,77,14,761,1
1403,2026-05-06,14:33:00,6,113,431,53,341,1
1404,2026-01-20,16:12:43,19,55,160,98,219,1
1405,2026-05-09,15:28:28,31,65,90,292,762,1
1406,2026-02-01,16:09:29,25,3,8,4,423,1
1407,2026-04-19,20:47:35,1,88,184,283,505,1
1408,2026-01-20,07:00:43,3,55,271,254,341,1
1409,2026-02-10,19:43:00,30,4,5,135,763,1
1410,2026-03-06,17:59:31,14,27,432,366,764,1
1411,2026-01-19,11:29:24,42,75,132,33,765,1
1412,2026-01-21,10:38:27,1,50,143,87,766,1
1413,2026-04-07,22:55:19,83,6,433,23,68,1
1414,2026-03-19,12:34:45,1,7,362,117,641,1
1415,2026-03-05,12:09:15,8,42,62,367,128,1
1416,2026-04-28,12:47:56,55,40,289,269,436,1
1417,2026-03-30,09:06:09,1,9,40,348,12,1
1418,2026-04-09,12:02:49,25,4,82,71,516,1
1419,2026-02-08,14:19:01,55,88,434,121,54,1
1420,2026-01-13,14:07:32,16,18,284,156,192,1
1421,2026-03-15,15:51:07,3,78,78,108,362,1
1422,2026-01-11,09:22:54,50,21,247,368,30,1
2478,2026-03-10,14:23:30,6,19,435,369,55,1
1424,2026-02-26,12:34:41,1,34,230,145,169,1
1425,2026-05-03,16:57:06,6,76,67,40,27,1
1426,2026-04-17,21:28:51,4,4,25,3,167,1
1427,2026-01-29,08:30:53,1,19,288,172,767,1
1428,2026-02-24,18:07:07,6,22,290,96,256,1
1429,2026-04-05,20:10:29,6,76,68,145,220,1
1430,2026-04-12,10:05:50,8,26,19,21,134,1
1431,2026-02-16,17:52:33,59,132,93,370,146,1
1432,2026-04-07,22:10:22,11,60,8,39,423,1
1433,2026-03-24,21:21:41,5,88,143,147,525,1
1434,2026-02-13,09:22:45,83,22,53,42,286,1
1435,2026-01-18,16:24:23,3,140,41,44,768,1
1436,2026-02-07,10:27:36,25,110,227,111,769,1
1437,2026-03-03,08:32:46,1,35,10,136,82,1
1438,2026-03-26,16:51:01,6,63,129,134,325,1
1439,2026-04-16,10:17:30,29,21,436,96,710,1
1440,2026-05-04,11:29:23,48,36,8,147,770,1
1441,2026-05-01,12:14:03,16,4,128,270,233,1
1442,2026-04-14,18:48:47,26,82,75,113,201,1
1443,2026-04-02,19:24:52,25,100,437,5,334,1
1444,2026-03-20,16:26:05,6,38,438,93,62,1
1445,2026-02-23,19:28:23,8,7,371,157,662,1
1446,2026-01-30,09:06:45,25,42,61,123,771,1
1447,2026-04-22,08:16:32,32,78,50,27,50,1
1448,2026-04-28,14:11:03,54,31,234,313,462,1
1449,2026-05-02,15:55:21,20,76,48,6,427,1
1450,2026-02-13,12:57:42,4,60,1,154,189,1
1451,2026-03-07,13:04:31,6,86,424,27,98,1
1452,2026-01-24,14:55:43,25,22,377,371,131,1
1453,2026-04-06,17:40:12,34,13,50,117,659,1
1454,2026-02-15,20:54:51,46,54,228,250,772,1
1455,2026-02-25,10:57:06,1,47,411,148,202,1
1456,2026-04-03,07:30:24,13,60,341,135,87,1
1457,2026-03-24,08:59:44,8,36,439,101,773,1
1458,2026-01-30,09:36:15,46,55,335,372,49,1
927,2026-03-24,18:14:27,50,130,84,373,460,1
1460,2026-05-04,14:21:28,31,64,342,278,774,1
1461,2026-04-11,08:25:28,71,51,80,58,775,1
1462,2026-01-22,17:45:56,10,13,26,67,128,1
1463,2026-04-08,08:57:51,3,88,107,121,43,1
1464,2026-04-06,17:22:34,56,2,67,374,7,1
1465,2026-03-03,16:50:54,3,11,60,273,474,1
1466,2026-04-17,22:07:18,3,5,81,326,776,1
1467,2026-04-25,22:23:52,1,7,440,86,369,1
1468,2026-01-11,20:40:08,32,17,6,149,220,1
1469,2026-03-25,18:28:11,21,28,166,375,16,1
1470,2026-03-27,12:02:20,3,67,27,63,699,1
1471,2026-04-21,15:33:53,14,5,360,162,653,1
1472,2026-04-15,16:49:55,7,102,26,105,440,1
1473,2026-04-07,14:32:16,63,46,94,376,777,1
1474,2026-04-06,10:44:27,6,15,154,93,696,1
1475,2026-02-15,13:15:42,60,38,291,260,778,1
1476,2026-02-24,08:49:31,20,22,106,12,233,1
1477,2026-02-08,17:43:50,27,20,284,243,204,1
1478,2026-04-11,08:51:08,10,22,228,140,158,1
1479,2026-03-16,21:26:51,4,26,106,60,296,1
1480,2026-02-13,15:13:00,10,15,248,377,480,1
1481,2026-02-24,22:29:42,38,13,109,11,123,1
1482,2026-04-02,13:28:39,59,22,16,93,779,1
1483,2026-03-12,14:42:01,1,130,48,378,780,1
1484,2026-01-18,16:17:15,1,17,16,147,332,1
1485,2026-01-23,21:42:22,25,28,215,33,640,1
1486,2026-03-30,11:28:25,59,92,114,57,358,1
1487,2026-03-30,09:04:15,2,20,78,217,461,1
1488,2026-05-05,21:50:16,25,78,441,253,781,1
1489,2026-01-17,08:10:25,6,54,69,295,290,1
1490,2026-04-29,19:47:06,1,111,255,5,782,1
1491,2026-03-30,14:04:58,3,58,9,145,783,1
1492,2026-04-10,22:03:09,43,17,75,98,784,1
1493,2026-03-29,21:24:41,4,65,299,123,134,1
1494,2026-03-09,13:26:06,7,26,61,6,643,1
1495,2026-04-22,20:14:07,48,40,9,101,593,1
1496,2026-04-22,17:39:51,12,12,442,145,785,1
1497,2026-04-27,11:34:39,4,119,161,250,80,1
1498,2026-04-01,15:10:58,3,65,91,49,786,1
1499,2026-01-30,18:04:43,6,58,65,15,787,1
1500,2026-05-08,09:32:08,48,17,22,194,788,1
1501,2026-04-07,14:15:57,3,17,16,168,789,1
1502,2026-05-03,13:44:07,6,32,68,193,94,1
1503,2026-04-13,20:52:52,6,77,84,271,39,1
1504,2026-02-17,16:09:42,21,124,443,57,87,1
1505,2026-01-20,16:37:05,25,5,130,19,110,1
1506,2026-02-26,09:42:08,29,120,68,260,240,1
1507,2026-01-10,07:33:17,25,21,243,311,790,1
1508,2026-03-25,15:23:37,3,86,375,57,791,1
1509,2026-04-15,15:31:24,14,104,99,26,27,1
1510,2026-04-23,16:47:17,43,95,193,238,792,1
1511,2026-02-04,07:18:23,65,34,19,11,793,1
1512,2026-05-06,22:28:56,25,99,55,19,533,1
1513,2026-02-13,14:32:17,55,6,16,223,794,1
1514,2026-02-23,15:37:27,14,72,444,340,140,1
1515,2026-02-22,21:28:48,61,7,126,379,795,1
1516,2026-04-23,11:05:47,3,4,298,317,247,1
1517,2026-02-12,07:02:10,25,69,445,26,796,1
1518,2026-01-17,17:16:21,3,104,229,130,797,1
1519,2026-03-15,21:35:44,1,102,255,380,701,1
1520,2026-03-30,10:22:11,6,105,132,223,284,1
1521,2026-02-10,08:29:02,46,19,261,83,798,1
1522,2026-03-11,19:01:40,22,30,204,34,240,1
1523,2026-03-07,14:05:57,3,43,180,219,793,1
1524,2026-02-04,18:06:20,43,21,68,238,76,1
1525,2026-02-08,19:43:06,3,17,301,71,403,1
1526,2026-01-25,16:04:03,73,17,27,49,799,1
1527,2026-03-31,22:55:00,7,64,446,199,491,1
1528,2026-03-14,20:33:42,6,12,208,278,800,1
1529,2026-03-16,21:36:29,42,97,136,340,801,1
1530,2026-03-25,12:03:22,6,60,146,33,618,1
1531,2026-02-21,18:58:51,30,82,447,79,128,1
1532,2026-04-28,13:23:34,3,113,289,6,730,1
1533,2026-04-14,21:42:22,35,26,162,57,398,1
1534,2026-04-23,21:14:59,25,69,448,161,329,1
1535,2026-04-10,08:34:18,46,20,449,36,500,1
1536,2026-04-13,15:34:57,20,69,375,3,424,1
1537,2026-05-06,21:55:13,1,66,316,127,802,1
1538,2026-02-11,22:29:03,3,38,161,58,205,1
1539,2026-02-12,15:05:11,42,86,77,381,803,1
1540,2026-01-29,15:19:41,61,4,62,235,804,1
1541,2026-04-01,10:48:42,3,36,149,270,52,1
1542,2026-04-22,20:05:40,4,17,50,6,54,1
1543,2026-03-23,19:48:42,37,40,48,118,220,1
1544,2026-02-23,12:24:00,4,17,450,327,805,1
1545,2026-04-30,07:07:00,23,16,434,119,806,1
1546,2026-03-06,13:20:24,6,3,112,79,807,1
1547,2026-03-07,08:09:08,6,17,15,188,58,1
1548,2026-03-16,15:52:01,25,55,5,124,189,1
1549,2026-01-12,20:26:29,4,60,246,382,106,1
1550,2026-05-07,07:50:27,8,38,2,179,479,1
1551,2026-03-30,07:11:54,12,32,412,11,279,1
1552,2026-01-25,19:35:31,4,12,235,340,659,1
1553,2026-03-26,11:05:43,44,141,13,111,496,1
1554,2026-02-24,14:46:09,1,27,181,383,808,1
1555,2026-03-05,09:38:05,8,46,451,230,139,1
1556,2026-02-19,21:07:41,60,12,65,384,644,1
1557,2026-04-06,12:42:51,1,32,53,299,510,1
1558,2026-02-15,19:24:25,33,142,138,257,246,1
1559,2026-01-13,19:20:48,71,54,217,108,608,1
1560,2026-02-11,22:15:14,8,69,269,260,809,1
1561,2026-01-18,17:09:52,50,55,65,157,289,1
1562,2026-04-23,14:17:13,68,88,452,23,810,1
1563,2026-02-01,17:11:17,4,5,337,267,406,1
1564,2026-02-07,09:22:57,4,22,260,221,296,1
1565,2026-02-25,21:39:06,1,18,112,195,221,1
1566,2026-03-05,19:28:04,29,5,453,189,56,1
1567,2026-01-25,13:52:11,19,17,285,82,439,1
1568,2026-04-02,16:32:20,8,40,454,93,17,1
1569,2026-02-03,19:07:12,43,23,25,96,261,1
1570,2026-04-04,15:20:16,25,11,203,59,64,1
1571,2026-04-15,21:34:58,47,69,159,278,115,1
1572,2026-04-30,09:16:40,4,12,8,36,811,1
1573,2026-04-13,10:34:12,11,21,257,131,178,1
1574,2026-01-11,21:49:22,1,17,215,115,812,1
1575,2026-02-15,11:03:34,21,22,162,43,380,1
1576,2026-01-10,12:39:22,46,4,112,101,813,1
1577,2026-03-22,18:21:46,8,50,389,57,434,1
1578,2026-03-02,17:39:20,38,6,455,385,814,1
1579,2026-01-23,22:14:27,33,63,112,186,815,1
1580,2026-02-06,18:01:30,17,22,63,267,816,1
1581,2026-03-29,22:38:07,19,32,50,278,793,1
1582,2026-04-09,10:33:31,46,43,78,106,82,1
1583,2026-02-05,21:30:13,8,28,62,30,817,1
1584,2026-02-06,17:15:53,3,69,169,308,30,1
1585,2026-02-27,11:38:24,20,72,7,226,589,1
1586,2026-03-22,17:06:12,25,24,5,386,324,1
1587,2026-01-11,13:38:15,3,136,69,321,175,1
1588,2026-03-01,16:35:38,44,7,329,159,219,1
1589,2026-01-15,11:14:48,8,77,234,81,522,1
1590,2026-02-20,13:13:19,25,81,456,37,781,1
1591,2026-01-23,07:19:37,7,60,218,170,818,1
1592,2026-02-23,21:08:25,21,5,8,324,62,1
1593,2026-04-05,07:06:41,4,20,9,67,819,1
1594,2026-02-05,14:16:55,8,60,255,50,144,1
1595,2026-04-27,16:44:15,6,78,49,20,237,1
1596,2026-03-14,12:45:26,42,4,60,230,313,1
1597,2026-04-03,21:26:34,85,58,389,5,820,1
1598,2026-04-11,08:58:56,25,17,215,105,574,1
1599,2026-01-19,18:15:47,21,22,457,387,112,1
1600,2026-01-15,19:46:42,1,92,275,152,467,1
1601,2026-03-23,13:24:59,19,86,458,180,181,1
1602,2026-02-04,15:34:35,6,65,323,221,821,1
1603,2026-01-27,22:11:06,21,9,28,67,822,1
1604,2026-03-01,08:12:24,35,58,167,121,823,1
1605,2026-02-04,17:46:26,6,65,329,98,824,1
1606,2026-02-04,22:33:27,74,36,127,268,825,1
1607,2026-01-21,16:42:37,25,9,143,272,97,1
1608,2026-03-24,22:21:05,6,64,92,377,240,1
1609,2026-02-05,16:53:06,49,110,380,388,379,1
1610,2026-02-16,21:18:11,25,34,64,133,826,1
1611,2026-03-05,15:22:09,19,36,78,227,269,1
1612,2026-02-26,16:16:33,53,106,134,268,194,1
1613,2026-03-23,07:52:24,25,5,230,299,618,1
1614,2026-01-16,20:28:38,20,47,136,389,202,1
1615,2026-04-28,12:54:46,1,28,93,261,54,1
1616,2026-03-18,20:12:15,29,27,65,20,317,1
1617,2026-04-13,15:09:54,17,55,153,51,643,1
1618,2026-02-15,13:45:24,48,91,187,17,38,1
1619,2026-01-19,19:00:14,8,4,161,88,284,1
1620,2026-03-23,09:32:37,20,40,8,86,827,1
1621,2026-03-27,15:23:29,3,17,131,63,391,1
1622,2026-02-28,22:44:35,6,38,459,390,219,1
1623,2026-03-21,10:29:28,25,15,138,268,772,1
1624,2026-02-11,09:55:12,6,6,460,260,828,1
1625,2026-03-26,12:16:46,25,11,290,135,424,1
1626,2026-01-31,19:34:32,3,12,121,291,829,1
1627,2026-04-09,19:01:40,34,46,461,254,373,1
1628,2026-03-18,07:46:34,27,128,52,116,830,1
1629,2026-02-10,22:14:07,8,106,16,153,831,1
1630,2026-03-19,12:42:58,45,55,137,51,832,1
1631,2026-02-13,21:58:59,3,5,259,119,833,1
1632,2026-03-30,08:20:17,19,59,184,176,812,1
1633,2026-02-01,13:54:33,25,28,263,277,431,1
1634,2026-02-28,16:51:02,25,15,257,67,41,1
1635,2026-03-01,15:50:05,6,48,174,89,213,1
1636,2026-04-27,19:18:47,3,88,462,82,17,1
1637,2026-05-09,21:00:22,20,7,9,153,834,1
1638,2026-04-22,13:31:22,6,19,182,312,722,1
1639,2026-05-04,19:30:31,35,50,463,294,835,1
1640,2026-04-24,09:41:29,48,143,464,252,836,1
1641,2026-02-20,14:13:31,25,26,173,127,23,1
1642,2026-03-05,13:40:14,1,55,224,342,262,1
1643,2026-01-26,07:13:38,8,17,10,131,693,1
1644,2026-04-26,14:43:26,41,69,144,164,837,1
1645,2026-04-18,17:03:21,20,52,68,22,817,1
1646,2026-02-19,18:40:22,25,43,419,20,247,1
1647,2026-04-03,12:00:32,8,41,168,76,838,1
1648,2026-03-31,19:19:25,39,55,319,19,672,1
1649,2026-04-01,15:50:55,17,116,77,135,682,1
1650,2026-03-19,19:39:11,1,55,465,48,643,1
1651,2026-02-22,14:58:22,42,3,137,162,800,1
1652,2026-03-28,21:03:43,3,43,13,24,504,1
1653,2026-04-21,10:09:07,8,7,278,67,839,1
1654,2026-02-13,20:36:07,31,83,21,391,735,1
1655,2026-04-05,15:29:24,4,66,304,83,40,1
1656,2026-02-25,08:45:32,1,86,466,146,840,1
1657,2026-04-24,21:15:38,60,60,114,140,410,1
1658,2026-04-17,13:16:52,26,4,427,392,841,1
1659,2026-04-20,07:16:57,26,23,46,155,198,1
1660,2026-02-26,14:53:17,68,32,112,297,510,1
1661,2026-03-30,08:19:59,30,95,137,230,842,1
1662,2026-02-10,21:46:18,86,7,19,291,121,1
1663,2026-04-15,11:54:21,25,31,161,221,843,1
1664,2026-05-06,09:30:05,8,88,30,81,169,1
1665,2026-03-16,22:31:38,39,22,60,125,112,1
1666,2026-01-23,19:04:20,74,66,74,111,844,1
1667,2026-02-19,09:32:44,25,26,20,222,845,1
1668,2026-03-06,08:13:06,69,114,467,42,175,1
1669,2026-03-23,21:39:25,3,22,128,154,215,1
1670,2026-04-03,18:28:02,6,55,277,22,823,1
1671,2026-03-27,12:02:18,7,3,360,107,846,1
1672,2026-04-28,10:52:42,30,5,468,123,128,1
1673,2026-02-11,11:16:53,25,65,114,194,847,1
1674,2026-05-02,07:18:05,6,119,176,50,491,1
1675,2026-04-12,16:49:37,25,5,469,197,813,1
1676,2026-04-07,13:10:44,5,102,356,3,808,1
1677,2026-04-05,15:25:38,47,4,49,197,246,1
1678,2026-02-18,17:57:45,28,26,168,87,62,1
1679,2026-03-10,19:54:56,10,113,112,224,663,1
1680,2026-02-14,11:21:20,1,109,112,190,325,1
1681,2026-04-08,09:13:49,8,66,8,216,12,1
1682,2026-02-05,07:12:29,8,86,181,9,340,1
1683,2026-02-12,10:32:09,3,106,389,73,213,1
1684,2026-02-22,11:07:44,25,12,147,67,173,1
1685,2026-01-21,08:07:57,7,43,53,197,621,1
1686,2026-04-02,08:58:41,8,83,139,194,848,1
1687,2026-04-20,11:06:10,13,4,311,150,849,1
1688,2026-02-08,18:49:06,23,4,301,126,850,1
1689,2026-04-12,16:11:36,29,82,470,49,240,1
1690,2026-05-04,16:09:47,78,62,9,294,129,1
1691,2026-02-16,14:13:13,43,28,305,40,851,1
1692,2026-01-17,17:54:12,6,85,196,74,219,1
1693,2026-03-28,16:19:04,67,3,126,157,17,1
1694,2026-03-23,12:27:28,8,36,329,292,180,1
1695,2026-01-27,21:33:50,34,17,471,42,852,1
1696,2026-02-05,16:26:06,51,2,83,94,853,1
1697,2026-01-22,17:54:06,25,85,200,368,311,1
1698,2026-04-07,10:52:15,1,64,368,348,854,1
1699,2026-02-24,22:08:27,8,34,245,66,495,1
1700,2026-04-22,12:30:00,14,60,179,30,194,1
1701,2026-02-09,14:57:02,25,40,153,11,12,1
1702,2026-02-23,17:46:12,73,30,134,340,491,1
1703,2026-02-08,10:19:46,3,40,16,134,663,1
1704,2026-01-29,17:12:40,39,132,19,103,767,1
1705,2026-03-07,13:14:20,48,104,389,4,281,1
1706,2026-01-30,17:55:25,6,40,153,67,316,1
1707,2026-04-01,15:41:12,7,6,428,74,292,1
1708,2026-01-28,19:38:47,10,63,9,4,855,1
1709,2026-02-18,10:21:05,25,60,60,100,194,1
1710,2026-03-15,12:29:05,8,55,29,262,696,1
1711,2026-04-26,15:42:43,33,22,321,19,90,1
1712,2026-05-08,08:05:40,48,110,234,131,416,1
1713,2026-03-23,19:45:35,43,7,90,29,856,1
1714,2026-02-12,13:31:30,39,81,143,148,857,1
1715,2026-02-26,17:34:33,6,3,371,126,858,1
1716,2026-02-04,11:36:43,19,81,386,53,859,1
1717,2026-02-17,21:07:57,47,144,263,393,508,1
1718,2026-01-18,15:51:35,12,58,472,131,860,1
1719,2026-01-31,08:19:13,52,59,229,262,41,1
1720,2026-01-18,16:01:03,25,29,88,30,108,1
1721,2026-04-07,07:23:33,3,22,297,40,861,1
1722,2026-04-12,22:26:13,50,6,424,58,862,1
1723,2026-02-20,18:37:16,25,83,70,135,471,1
1724,2026-03-09,11:07:42,73,145,473,136,111,1
1725,2026-03-01,12:29:50,29,113,161,250,863,1
1726,2026-04-27,10:44:25,8,86,474,48,129,1
1727,2026-02-16,17:06:31,4,55,114,101,143,1
1728,2026-01-21,22:03:34,8,108,8,394,704,1
1729,2026-01-15,17:35:39,30,67,170,253,78,1
1730,2026-01-19,16:00:42,19,43,84,205,429,1
1731,2026-04-30,13:09:23,25,4,475,126,378,1
1732,2026-04-15,18:14:04,70,50,180,15,864,1
1733,2026-03-04,22:49:50,24,20,244,304,349,1
1734,2026-03-14,08:12:54,48,3,132,14,510,1
1735,2026-05-05,20:11:18,3,17,257,93,865,1
1736,2026-04-26,10:51:33,71,66,41,260,44,1
1737,2026-03-26,18:27:04,14,12,114,262,412,1
1738,2026-04-18,21:48:50,73,2,65,45,663,1
1739,2026-04-06,20:30:45,19,11,243,216,183,1
1740,2026-04-13,21:14:22,1,116,198,112,141,1
1741,2026-05-10,07:33:33,49,4,285,395,433,1
1742,2026-04-06,18:41:35,51,79,40,87,204,1
1743,2026-04-10,15:23:41,21,56,144,123,866,1
1744,2026-04-08,13:02:50,24,55,128,91,867,1
1745,2026-01-13,21:53:00,73,19,224,115,868,1
1746,2026-03-28,21:44:09,4,6,329,63,869,1
1747,2026-03-20,12:56:43,48,110,241,368,870,1
1748,2026-01-20,21:47:40,3,26,190,224,146,1
1749,2026-03-06,15:27:52,22,26,291,167,41,1
1750,2026-02-19,21:38:28,20,66,122,290,533,1
1751,2026-01-23,15:33:50,8,88,391,58,440,1
1752,2026-01-16,09:17:32,46,20,3,231,119,1
1753,2026-04-05,10:36:56,59,102,324,396,119,1
1754,2026-01-28,19:56:45,70,64,220,12,59,1
1755,2026-03-01,09:30:23,1,5,275,11,262,1
1756,2026-01-23,12:22:37,3,127,476,397,417,1
1757,2026-03-30,22:32:17,8,7,62,71,313,1
1758,2026-02-07,16:26:52,29,146,176,260,871,1
1759,2026-05-01,20:11:38,8,55,180,169,837,1
1760,2026-02-03,10:25:39,21,17,19,27,469,1
1761,2026-03-16,20:01:55,7,72,39,398,240,1
1762,2026-01-23,07:22:27,25,55,477,88,872,1
1763,2026-03-15,07:51:53,3,83,360,86,296,1
1764,2026-05-06,16:43:21,70,9,123,134,873,1
1765,2026-04-10,12:52:03,59,26,257,49,734,1
1766,2026-05-03,07:29:50,48,4,290,28,38,1
1767,2026-03-10,12:59:39,8,22,53,131,367,1
1768,2026-02-13,10:43:29,17,12,65,166,17,1
1769,2026-04-26,18:30:28,1,3,225,363,369,1
1770,2026-03-30,07:25:11,1,56,40,48,134,1
1771,2026-02-09,07:01:13,4,22,478,21,874,1
1772,2026-02-10,14:57:32,4,64,78,74,52,1
559,2026-03-01,13:55:31,30,40,146,399,175,1
1774,2026-02-20,14:34:20,8,12,107,19,231,1
1775,2026-04-26,14:19:22,14,30,6,250,92,1
1776,2026-01-11,07:19:49,5,102,137,110,325,1
1777,2026-02-16,09:04:04,3,29,10,44,875,1
1778,2026-04-25,11:53:25,70,55,151,120,162,1
1779,2026-03-10,08:37:52,1,60,204,36,331,1
1780,2026-04-27,14:18:54,1,114,424,89,710,1
1781,2026-02-11,14:24:10,3,36,65,195,4,1
1782,2026-03-15,13:16:12,4,60,16,83,624,1
1783,2026-01-15,12:22:55,5,38,318,317,41,1
1784,2026-04-16,19:29:13,19,147,5,369,876,1
1785,2026-04-10,22:17:25,24,19,64,278,190,1
1786,2026-01-10,11:59:08,21,32,479,285,522,1
1787,2026-04-03,19:24:48,48,127,480,33,877,1
1788,2026-01-14,13:02:20,3,114,309,329,80,1
1789,2026-03-22,18:44:07,8,26,30,127,716,1
1790,2026-04-05,18:59:28,1,26,308,96,410,1
1791,2026-03-19,15:01:23,20,52,298,300,171,1
1792,2026-01-21,13:24:54,6,7,446,83,633,1
1793,2026-03-03,08:27:43,3,59,146,135,878,1
1794,2026-04-16,11:13:57,52,141,56,115,637,1
1795,2026-04-08,13:00:15,25,61,481,124,879,1
1796,2026-03-16,18:13:38,30,17,482,89,389,1
1797,2026-02-07,22:16:58,1,99,483,400,137,1
1798,2026-04-17,13:49:38,22,18,98,20,238,1
1799,2026-01-23,21:59:18,4,85,128,22,420,1
1800,2026-03-12,07:49:48,6,52,480,50,880,1
1801,2026-03-15,15:28:19,10,64,192,98,881,1
1802,2026-04-20,15:32:44,43,12,296,131,186,1
1803,2026-03-22,08:35:01,29,15,160,239,104,1
1804,2026-05-04,21:50:20,8,20,308,89,92,1
1805,2026-01-14,08:49:30,9,18,370,173,882,1
1806,2026-03-01,22:09:42,24,35,370,127,55,1
1807,2026-02-21,19:57:38,55,73,53,134,716,1
1808,2026-03-08,12:03:13,25,38,30,114,391,1
1809,2026-04-06,09:30:00,20,36,85,47,357,1
1810,2026-03-06,08:42:27,47,85,393,401,249,1
1811,2026-03-18,13:34:08,6,76,112,61,97,1
1812,2026-05-01,10:43:26,1,36,127,238,883,1
1813,2026-03-19,15:38:01,1,22,85,398,884,1
1814,2026-04-09,17:47:28,3,21,13,105,885,1
1815,2026-01-23,11:51:43,3,15,375,4,886,1
1816,2026-03-12,12:28:16,25,22,31,402,431,1
1817,2026-03-04,17:25:30,3,43,30,135,746,1
1818,2026-02-17,18:37:27,1,36,303,71,204,1
1819,2026-03-26,20:03:38,19,19,26,195,887,1
1820,2026-04-26,09:27:42,10,4,138,250,74,1
1821,2026-03-16,13:53:12,3,94,167,237,888,1
1822,2026-04-22,20:01:35,6,6,7,403,416,1
1823,2026-03-21,13:40:42,37,40,258,216,889,1
1824,2026-03-23,12:37:09,25,65,484,238,270,1
1825,2026-03-12,11:12:12,67,6,48,92,25,1
1826,2026-03-03,10:12:55,8,92,248,126,204,1
1827,2026-02-04,21:39:45,62,66,23,71,890,1
1828,2026-03-30,21:48:15,7,5,131,149,499,1
1829,2026-03-02,19:59:53,25,59,179,299,891,1
1830,2026-01-11,11:52:26,1,110,286,93,344,1
1831,2026-01-10,08:28:56,63,88,133,33,74,1
1832,2026-02-21,18:01:09,1,20,61,71,892,1
1833,2026-01-25,20:55:07,57,9,240,54,292,1
1834,2026-04-16,20:26:24,1,67,203,130,893,1
1835,2026-04-16,21:43:53,25,4,355,96,717,1
1836,2026-02-05,07:42:48,8,15,375,51,894,1
1837,2026-04-05,19:48:16,25,105,485,241,895,1
1838,2026-04-01,10:52:43,14,55,164,61,412,1
1839,2026-02-27,22:42:21,8,22,108,404,50,1
1840,2026-04-11,07:00:34,25,64,41,224,896,1
1841,2026-03-25,19:14:07,54,48,43,96,897,1
1842,2026-04-26,21:25:01,7,2,295,56,279,1
1843,2026-02-17,21:59:37,25,119,22,195,898,1
1844,2026-01-20,18:52:39,46,66,19,57,899,1
1845,2026-02-18,14:14:36,10,28,218,136,900,1
1846,2026-02-08,11:36:34,22,71,291,31,881,1
1847,2026-03-23,22:58:12,3,50,19,22,43,1
1848,2026-02-18,19:40:08,65,38,209,340,324,1
1849,2026-02-24,18:38:03,53,148,486,227,901,1
1850,2026-04-11,22:42:37,69,4,101,405,781,1
1851,2026-03-04,10:29:14,32,19,179,354,518,1
1852,2026-03-24,21:17:08,3,17,26,15,902,1
1853,2026-02-22,08:22:27,17,62,78,42,903,1
1854,2026-01-25,08:31:44,45,4,487,45,710,1
1855,2026-01-10,14:18:36,14,22,375,88,904,1
1856,2026-01-26,11:41:44,3,58,260,340,51,1
1857,2026-03-11,09:00:56,20,28,1,195,869,1
1858,2026-02-04,19:39:19,1,77,20,17,797,1
1859,2026-04-14,09:53:10,6,4,164,254,813,1
1860,2026-03-01,09:52:07,25,149,21,130,905,1
1861,2026-02-05,13:18:56,63,48,12,370,906,1
1862,2026-05-08,08:57:39,43,142,225,83,907,1
1863,2026-02-03,17:14:43,45,82,418,164,311,1
1864,2026-03-09,22:49:11,5,83,375,91,627,1
1865,2026-03-11,21:05:31,8,50,448,195,186,1
1866,2026-03-08,22:09:15,1,5,283,159,908,1
1867,2026-04-06,08:18:00,1,125,19,97,909,1
1868,2026-02-27,15:00:49,19,40,244,96,701,1
1869,2026-01-23,22:39:39,48,30,151,27,643,1
1870,2026-04-28,12:00:10,54,9,161,71,910,1
1871,2026-02-12,08:42:43,25,40,206,73,911,1
1872,2026-02-13,08:08:40,57,39,168,164,82,1
1873,2026-05-02,17:42:34,3,88,41,4,484,1
1874,2026-04-03,18:04:53,55,22,337,3,364,1
1875,2026-04-25,12:50:53,41,88,50,42,4,1
1876,2026-02-08,19:33:40,84,26,178,255,912,1
1877,2026-01-21,22:34:38,22,15,278,119,565,1
1878,2026-03-29,14:05:57,21,67,80,406,913,1
1879,2026-04-01,13:00:47,20,22,229,51,11,1
1880,2026-03-06,21:22:56,21,66,137,268,650,1
1881,2026-02-15,07:45:55,25,26,203,105,504,1
1882,2026-01-15,18:34:28,21,109,141,135,61,1
1883,2026-04-08,09:45:44,41,55,154,82,620,1
1884,2026-04-20,07:14:49,67,15,375,152,227,1
1885,2026-02-11,08:37:26,42,26,168,230,98,1
1886,2026-05-09,10:59:08,30,78,112,231,914,1
1887,2026-01-16,17:41:50,4,106,112,340,152,1
1888,2026-02-17,11:08:19,7,21,53,407,194,1
1889,2026-04-29,12:59:44,6,29,182,130,915,1
1890,2026-04-19,17:00:28,1,55,112,48,304,1
1891,2026-04-20,11:59:53,25,124,16,208,653,1
1892,2026-03-14,10:02:11,74,131,285,101,880,1
1893,2026-02-11,16:15:44,1,28,471,36,319,1
1894,2026-03-20,14:21:21,84,137,162,125,916,1
1895,2026-01-29,20:02:31,74,20,309,381,567,1
1896,2026-03-07,22:27:54,30,38,280,250,917,1
1897,2026-03-07,20:10:12,51,77,390,109,918,1
1898,2026-03-21,17:16:38,23,99,153,195,276,1
1899,2026-04-03,17:40:08,21,99,235,58,16,1
1900,2026-03-13,16:23:35,6,69,247,22,103,1
1901,2026-03-10,13:15:29,50,65,80,257,665,1
1902,2026-04-20,08:58:56,1,73,317,408,919,1
1903,2026-04-16,12:49:43,8,39,148,222,920,1
1904,2026-02-28,09:41:09,13,7,30,131,20,1
1905,2026-04-02,09:15:01,29,60,281,200,921,1
1906,2026-01-28,14:08:14,3,56,488,195,219,1
1907,2026-01-23,18:49:32,51,99,156,409,254,1
1908,2026-01-27,08:46:31,6,60,185,139,699,1
1909,2026-02-26,19:34:13,5,59,187,53,922,1
1910,2026-02-18,09:50:53,15,5,2,329,921,1
1911,2026-03-13,22:12:47,21,43,384,261,710,1
1912,2026-02-20,18:27:50,32,38,121,5,80,1
1913,2026-05-05,11:27:50,30,40,156,45,60,1
1914,2026-05-06,14:03:18,14,60,316,139,275,1
1915,2026-03-19,13:16:17,8,22,436,370,899,1
1916,2026-02-27,10:07:51,14,72,22,147,772,1
1917,2026-02-04,09:43:11,63,9,489,203,304,1
1918,2026-01-28,12:45:07,4,23,193,139,233,1
1919,2026-03-01,18:19:27,51,80,78,45,425,1
1920,2026-02-16,22:08:14,1,7,82,200,54,1
1921,2026-03-27,20:39:35,87,5,8,31,923,1
1922,2026-04-06,07:53:59,7,56,235,110,226,1
1923,2026-04-05,16:37:17,66,7,249,83,167,1
1924,2026-04-25,14:12:19,3,22,126,136,638,1
1925,2026-01-15,09:52:28,25,58,65,50,278,1
1926,2026-02-08,13:07:33,19,26,490,176,817,1
1927,2026-02-25,14:06:11,20,7,30,48,247,1
1928,2026-02-09,07:59:47,10,48,8,49,924,1
1929,2026-02-27,13:03:31,15,11,491,20,322,1
1930,2026-04-23,16:40:57,21,55,237,92,730,1
1127,2026-02-10,19:55:33,8,60,108,67,94,1
1932,2026-04-13,08:39:15,7,42,185,208,641,1
1933,2026-05-08,22:55:35,8,17,428,115,655,1
1934,2026-02-19,18:31:38,6,4,153,299,703,1
1935,2026-02-28,11:19:36,4,10,146,89,925,1
1936,2026-03-10,12:44:31,6,17,131,76,926,1
1937,2026-02-12,18:22:24,4,15,220,98,797,1
1938,2026-05-02,07:40:08,36,43,160,45,807,1
1939,2026-03-17,14:55:40,8,78,194,169,927,1
1940,2026-03-21,17:56:56,42,42,223,146,397,1
1941,2026-02-14,13:39:18,61,144,82,114,439,1
1942,2026-02-13,20:43:09,14,22,43,307,928,1
1943,2026-04-11,15:02:19,67,3,444,377,929,1
1944,2026-04-09,08:03:15,11,22,62,232,807,1
1945,2026-01-18,21:40:44,1,29,224,88,10,1
1946,2026-02-28,13:15:07,24,132,50,133,540,1
1947,2026-02-27,17:34:35,43,102,65,219,930,1
1948,2026-05-02,17:44:28,1,17,108,109,663,1
1949,2026-04-23,20:04:24,6,22,395,360,505,1
1950,2026-02-28,22:15:17,19,13,241,224,823,1
1951,2026-03-15,10:15:39,6,86,43,83,618,1
1952,2026-03-30,11:51:23,30,55,209,319,824,1
1953,2026-02-17,18:15:40,25,113,296,255,826,1
1954,2026-02-08,20:27:26,33,38,492,410,424,1
1955,2026-03-06,19:00:03,19,57,479,135,471,1
1956,2026-03-27,13:58:33,33,7,39,88,54,1
1957,2026-02-21,10:59:08,6,7,493,253,505,1
1958,2026-02-09,22:13:04,6,71,22,172,167,1
1959,2026-04-23,07:16:23,1,67,84,116,678,1
1960,2026-01-19,13:17:45,6,17,118,202,280,1
1961,2026-05-09,11:19:23,8,60,170,145,478,1
1962,2026-04-13,12:48:17,25,17,346,241,567,1
1963,2026-03-01,15:20:33,25,23,48,411,319,1
1964,2026-01-25,13:14:19,1,62,166,51,644,1
1965,2026-04-24,07:24:06,1,146,466,51,931,1
1966,2026-03-01,22:31:38,73,99,62,55,835,1
1967,2026-02-15,13:31:01,6,55,8,327,13,1
1968,2026-01-22,15:20:42,46,17,491,299,330,1
1969,2026-01-14,16:46:36,39,130,268,174,932,1
1970,2026-02-07,17:48:50,1,36,66,83,68,1
1971,2026-04-24,13:51:19,50,27,491,107,881,1
1972,2026-03-11,09:06:47,50,22,128,28,330,1
1973,2026-02-05,20:21:56,21,26,333,49,933,1
1974,2026-03-03,14:06:01,46,38,85,110,209,1
1975,2026-01-20,08:27:43,6,62,285,155,60,1
1976,2026-03-23,11:45:07,44,20,49,412,934,1
1977,2026-03-08,22:19:01,28,1,203,136,526,1
1978,2026-04-06,07:42:48,7,104,213,59,190,1
1979,2026-03-27,17:04:19,65,17,60,62,918,1
1980,2026-01-22,11:30:12,6,67,423,147,935,1
1981,2026-02-12,17:56:49,33,43,13,124,623,1
1982,2026-04-09,17:20:25,6,127,196,4,584,1
1983,2026-02-26,17:16:26,29,27,494,109,678,1
1984,2026-01-26,11:38:48,33,5,146,370,813,1
1985,2026-01-23,09:55:25,25,109,161,87,186,1
1986,2026-05-07,17:52:30,3,77,248,253,407,1
1987,2026-05-09,13:29:46,29,69,495,273,653,1
1988,2026-04-02,16:10:58,1,88,496,89,936,1
1989,2026-01-17,14:43:45,25,76,362,19,499,1
1990,2026-05-07,07:28:46,6,15,133,177,171,1
1991,2026-03-08,20:04:50,25,46,8,203,937,1
1992,2026-04-30,20:50:10,25,56,8,216,546,1
1993,2026-04-04,17:09:41,19,31,497,12,280,1
1994,2026-03-27,17:56:15,6,6,233,67,49,1
1995,2026-01-16,16:49:19,38,69,117,413,453,1
1996,2026-01-22,12:10:13,29,97,72,232,292,1
1997,2026-03-30,12:33:42,63,60,11,14,678,1
1998,2026-04-20,18:16:39,25,7,61,4,499,1
1999,2026-04-16,10:31:30,3,17,50,127,313,1
2000,2026-03-10,16:14:43,17,26,241,140,938,1
2001,2026-05-09,20:48:45,3,112,8,300,596,1
2002,2026-04-27,10:54:53,13,102,146,17,939,1
2003,2026-02-06,13:03:19,47,40,9,154,26,1
2004,2026-02-15,20:33:02,16,22,67,67,940,1
2005,2026-05-06,19:15:05,63,6,192,330,845,1
2006,2026-04-11,20:37:20,48,40,135,24,39,1
2007,2026-03-20,07:41:56,68,38,112,240,296,1
2008,2026-01-11,09:44:58,3,88,241,5,941,1
2009,2026-04-08,16:14:13,1,5,41,378,122,1
2010,2026-03-18,09:09:32,56,22,235,90,942,1
2011,2026-01-18,18:42:38,16,58,241,365,367,1
2012,2026-02-11,17:00:23,15,56,480,130,109,1
2013,2026-04-26,18:42:25,44,7,170,290,943,1
2014,2026-01-23,12:08:53,48,15,299,83,300,1
2015,2026-01-23,21:21:16,6,58,498,14,209,1
2016,2026-01-22,08:53:38,5,64,195,15,313,1
2017,2026-02-25,08:25:53,1,103,499,88,504,1
2018,2026-02-06,22:08:17,3,113,92,257,319,1
2019,2026-02-04,12:35:05,48,5,84,414,189,1
2020,2026-02-16,15:06:28,25,55,161,402,944,1
2021,2026-04-10,21:09:14,10,51,500,51,123,1
2022,2026-04-07,14:07:19,48,6,93,322,247,1
2023,2026-03-12,07:47:22,3,113,501,415,225,1
2024,2026-01-23,19:25:16,3,58,112,20,447,1
2025,2026-02-23,13:59:39,1,26,221,136,945,1
2026,2026-02-10,16:15:01,3,22,182,31,337,1
2027,2026-02-18,10:17:34,21,59,238,232,246,1
2028,2026-02-01,07:57:06,6,7,121,31,254,1
2029,2026-03-29,21:27:11,19,17,64,6,762,1
2030,2026-04-21,13:12:28,25,30,153,140,632,1
2031,2026-02-22,13:39:55,6,22,112,23,572,1
2032,2026-04-04,20:14:21,25,65,151,115,634,1
2033,2026-04-05,11:06:58,20,12,61,252,870,1
2034,2026-03-04,12:47:55,73,66,502,239,7,1
2035,2026-03-09,17:58:00,25,5,230,416,584,1
2036,2026-03-30,15:43:34,43,17,200,123,378,1
2037,2026-01-15,11:40:45,1,3,322,416,946,1
2038,2026-05-07,21:45:28,6,67,135,36,124,1
2039,2026-01-29,22:43:18,8,58,208,81,947,1
2040,2026-03-13,16:25:21,51,106,28,125,948,1
2041,2026-04-26,16:14:06,43,27,388,37,115,1
2042,2026-01-16,21:10:12,3,13,362,417,455,1
2043,2026-03-27,18:45:04,21,79,95,14,525,1
2044,2026-04-13,22:10:36,1,134,43,31,949,1
2045,2026-05-04,10:15:46,20,105,503,140,40,1
2046,2026-03-04,07:55:42,30,21,504,336,286,1
2047,2026-03-26,15:03:13,3,5,462,216,4,1
2048,2026-01-25,20:44:43,48,55,83,33,642,1
2049,2026-04-23,19:26:30,6,19,108,407,950,1
2050,2026-04-04,15:43:20,56,21,438,139,951,1
2051,2026-01-22,19:14:10,19,65,241,346,71,1
2052,2026-05-06,13:07:23,3,69,151,33,828,1
2053,2026-04-03,21:38:57,25,7,180,223,952,1
2054,2026-04-19,21:09:20,1,30,58,98,25,1
2055,2026-01-25,11:13:54,8,36,257,114,653,1
2056,2026-03-11,21:35:26,35,65,21,115,953,1
2057,2026-02-24,21:08:55,10,71,200,81,954,1
2058,2026-04-14,15:37:24,7,22,138,110,955,1
2059,2026-05-07,08:29:01,6,15,96,49,450,1
2060,2026-03-19,13:05:28,1,134,154,124,937,1
2061,2026-01-19,12:35:40,20,9,165,306,194,1
2062,2026-03-09,20:26:45,25,137,306,352,35,1
2063,2026-02-26,08:04:23,45,26,58,110,956,1
2064,2026-02-26,15:14:28,48,66,310,130,957,1
2065,2026-04-11,22:02:42,33,6,229,111,613,1
2066,2026-04-02,09:28:51,6,73,164,10,60,1
2067,2026-03-15,21:13:40,46,103,268,101,15,1
2068,2026-02-22,16:15:17,69,75,429,98,167,1
2069,2026-03-25,21:13:52,26,60,83,262,207,1
2070,2026-03-22,12:28:20,70,35,60,5,277,1
2071,2026-05-03,10:33:52,75,58,29,161,82,1
2072,2026-02-24,10:39:34,5,42,282,4,537,1
2073,2026-01-23,18:05:48,4,114,64,253,198,1
2074,2026-05-05,17:02:12,48,23,10,200,958,1
2075,2026-01-20,10:31:18,20,113,48,41,197,1
2076,2026-03-18,22:48:00,10,78,112,195,959,1
2077,2026-01-20,16:27:48,6,114,63,418,364,1
2078,2026-03-06,19:40:13,6,3,216,241,119,1
2079,2026-03-28,13:18:26,65,26,13,19,899,1
2080,2026-03-14,15:12:52,6,3,316,331,60,1
2081,2026-01-22,16:59:39,1,83,79,272,364,1
2082,2026-01-12,21:50:02,6,150,370,238,52,1
2083,2026-04-22,14:31:10,10,76,64,89,279,1
2084,2026-04-30,13:32:03,5,51,257,222,960,1
2085,2026-02-01,14:55:05,13,22,505,250,961,1
2086,2026-03-11,17:48:08,25,17,103,208,962,1
2087,2026-03-07,15:43:35,1,19,373,189,701,1
2088,2026-05-05,16:42:45,6,77,224,27,369,1
638,2026-03-02,11:12:39,43,60,138,3,2,1
2090,2026-02-05,14:53:21,25,38,506,114,92,1
2091,2026-05-04,10:41:38,7,41,8,419,963,1
2092,2026-02-05,20:09:30,3,58,5,420,10,1
2093,2026-01-26,10:56:25,25,19,257,74,643,1
2094,2026-03-27,07:20:01,19,18,241,232,403,1
2095,2026-02-09,12:49:20,29,73,387,312,916,1
2096,2026-03-26,12:40:20,33,42,429,105,39,1
2097,2026-02-17,15:33:42,8,22,62,40,465,1
2098,2026-02-24,22:54:37,19,40,128,270,681,1
2099,2026-05-07,09:10:17,55,151,217,89,531,1
2100,2026-05-08,20:17:33,29,9,154,76,687,1
2101,2026-02-12,13:40:58,8,26,218,273,574,1
2102,2026-03-20,22:28:39,6,7,276,147,699,1
2103,2026-03-23,13:53:21,3,88,180,409,178,1
2104,2026-02-24,18:33:13,24,116,203,336,7,1
2105,2026-03-18,20:57:56,8,65,208,214,194,1
2106,2026-03-17,13:24:48,6,5,241,275,423,1
2107,2026-01-18,22:59:25,3,86,348,421,152,1
2108,2026-01-10,10:44:29,25,13,19,167,964,1
2109,2026-04-01,19:05:06,23,17,109,422,965,1
2110,2026-03-20,18:10:17,9,25,86,218,966,1
2111,2026-04-18,16:18:29,25,26,131,275,835,1
2112,2026-04-05,10:22:47,25,76,166,272,423,1
2113,2026-02-21,12:36:59,1,21,375,127,52,1
2114,2026-03-09,16:56:10,46,60,293,327,484,1
2115,2026-03-01,17:27:18,4,58,65,253,106,1
2116,2026-04-16,11:16:58,59,22,275,185,424,1
2117,2026-03-23,11:27:15,3,41,21,147,967,1
2118,2026-04-26,07:34:16,3,22,33,58,910,1
2119,2026-02-21,18:11:53,6,26,259,42,725,1
2120,2026-04-18,11:29:31,1,88,104,423,367,1
2121,2026-02-04,12:28:24,8,11,507,318,191,1
2122,2026-04-14,22:49:05,1,119,41,205,192,1
2123,2026-01-31,08:38:08,61,60,209,50,968,1
2124,2026-03-03,19:35:24,1,26,275,89,650,1
2125,2026-04-10,14:17:15,29,16,15,51,969,1
2126,2026-02-24,11:41:01,1,65,114,136,240,1
2127,2026-03-20,11:02:23,10,29,64,123,190,1
2128,2026-01-27,07:46:16,47,19,203,61,608,1
2129,2026-04-25,17:18:20,17,4,234,356,44,1
2130,2026-04-16,11:01:54,25,152,85,422,70,1
2131,2026-01-23,13:49:22,61,132,282,229,735,1
2132,2026-04-23,20:59:29,68,69,244,407,496,1
2133,2026-01-12,13:33:00,4,5,126,155,44,1
2134,2026-04-28,12:18:35,6,58,225,189,333,1
2135,2026-01-14,11:24:36,69,5,296,271,632,1
2136,2026-03-16,15:33:19,8,34,468,115,186,1
2137,2026-01-30,13:56:10,3,56,203,424,366,1
2138,2026-05-10,14:35:01,20,119,65,425,98,1
2139,2026-03-12,19:06:58,46,151,478,426,970,1
2140,2026-05-02,12:43:38,42,6,53,93,235,1
2141,2026-04-29,17:16:48,16,17,198,427,417,1
2142,2026-04-07,18:00:45,6,60,27,268,131,1
2143,2026-04-29,07:07:32,1,29,4,134,638,1
2144,2026-02-16,08:36:28,19,53,49,40,3,1
2145,2026-02-17,13:10:02,8,67,370,117,39,1
2146,2026-05-06,09:54:10,4,4,154,87,593,1
2147,2026-03-11,12:32:02,22,69,59,129,715,1
2148,2026-03-11,12:44:02,8,22,508,101,655,1
2149,2026-02-20,11:44:53,8,17,128,239,207,1
2150,2026-02-22,14:51:42,3,64,249,22,268,1
2151,2026-02-03,21:47:27,25,35,20,267,446,1
2152,2026-03-05,16:40:51,8,6,241,194,596,1
2153,2026-04-19,09:44:53,8,153,19,428,272,1
2154,2026-01-25,16:47:23,1,69,229,58,45,1
2155,2026-04-25,19:10:12,29,88,93,11,971,1
2156,2026-04-07,12:36:06,59,24,167,140,642,1
2157,2026-03-18,19:30:17,4,30,41,200,513,1
2158,2026-01-11,16:36:34,19,100,16,189,480,1
2159,2026-02-27,21:58:59,21,93,129,329,923,1
2160,2026-01-15,18:18:20,1,9,22,92,583,1
2161,2026-03-22,16:41:33,8,113,161,306,446,1
2162,2026-01-12,14:24:52,1,26,80,375,972,1
2163,2026-04-08,17:47:25,8,34,309,48,210,1
2164,2026-04-16,22:43:19,53,60,178,3,162,1
2165,2026-02-17,08:49:58,2,58,43,36,475,1
2166,2026-03-31,20:39:46,3,78,26,145,277,1
2167,2026-04-30,12:49:07,6,56,137,429,175,1
2168,2026-02-11,19:59:07,38,27,214,142,431,1
2169,2026-04-25,14:34:12,20,114,203,199,973,1
2170,2026-05-02,21:34:22,21,81,429,189,974,1
2171,2026-05-07,10:07:16,1,38,232,60,323,1
2172,2026-02-27,13:40:39,66,28,509,3,431,1
2173,2026-03-18,12:02:32,25,114,252,82,975,1
2174,2026-04-23,22:22:27,43,28,30,3,976,1
2175,2026-03-02,20:15:48,15,5,23,131,977,1
2176,2026-01-13,09:55:16,44,4,234,221,14,1
2177,2026-04-09,13:40:02,3,6,6,17,175,1
2178,2026-04-22,09:27:41,20,90,242,87,978,1
2179,2026-04-29,19:11:19,69,5,30,430,337,1
2180,2026-05-06,21:00:42,35,63,50,56,979,1
2181,2026-02-20,22:54:38,3,42,103,159,233,1
2182,2026-02-24,09:44:09,8,27,80,31,92,1
2183,2026-02-23,17:59:08,19,9,203,60,475,1
2184,2026-01-19,15:16:51,1,43,21,342,273,1
2185,2026-01-24,08:36:03,43,32,93,14,638,1
2186,2026-04-13,13:54:31,1,43,149,112,743,1
2187,2026-01-23,17:34:34,48,86,160,115,207,1
2188,2026-03-02,16:55:19,36,7,161,192,980,1
2189,2026-03-31,13:03:12,38,42,90,221,277,1
2190,2026-03-31,17:50:18,8,50,126,11,462,1
2191,2026-01-28,13:53:59,59,97,52,374,137,1
2192,2026-04-20,07:55:39,2,26,223,195,194,1
2193,2026-02-14,11:04:31,29,98,128,360,981,1
2194,2026-04-05,08:00:25,48,13,218,88,154,1
2195,2026-04-28,16:44:14,6,35,26,31,601,1
2196,2026-03-07,14:36:35,30,36,395,78,982,1
2197,2026-04-03,08:16:39,75,113,500,147,838,1
2198,2026-04-03,21:54:59,19,60,153,7,899,1
2199,2026-04-18,21:59:46,3,73,257,19,661,1
2200,2026-02-28,11:37:33,41,17,93,165,983,1
2201,2026-03-03,19:30:41,25,40,135,1,14,1
2202,2026-01-13,20:50:47,8,2,342,14,984,1
2203,2026-03-27,08:28:06,3,40,64,146,985,1
2204,2026-01-23,14:02:47,1,4,187,67,260,1
2205,2026-04-18,16:55:47,8,39,43,45,986,1
2206,2026-04-30,16:53:26,60,31,4,66,450,1
2207,2026-04-11,11:10:08,1,55,464,431,37,1
2208,2026-01-26,14:28:18,30,16,61,432,391,1
2209,2026-02-15,13:12:15,25,15,29,123,109,1
2210,2026-01-18,20:50:44,8,27,5,433,525,1
2211,2026-04-24,20:51:25,59,81,496,106,280,1
2212,2026-04-23,18:09:25,10,14,215,50,987,1
2213,2026-02-24,17:47:06,8,127,275,294,62,1
2214,2026-03-02,21:24:23,3,37,510,327,279,1
2215,2026-05-03,08:16:20,61,13,40,340,710,1
2216,2026-03-31,19:37:00,50,134,321,199,333,1
2217,2026-04-05,21:20:25,5,25,79,27,313,1
2218,2026-02-23,10:17:14,6,59,451,138,988,1
2219,2026-04-26,08:29:08,36,75,114,139,989,1
2220,2026-01-18,18:08:26,68,3,84,257,990,1
2221,2026-04-13,09:53:48,29,19,282,37,25,1
2222,2026-04-23,09:26:30,25,76,344,130,52,1
2223,2026-01-12,15:34:50,25,60,60,146,991,1
2224,2026-02-24,11:48:06,1,38,318,46,143,1
2225,2026-03-31,07:22:43,6,67,161,67,992,1
2226,2026-01-19,22:26:45,6,22,93,76,993,1
2227,2026-03-18,11:21:29,1,12,40,118,994,1
2228,2026-04-11,14:09:29,9,85,158,320,540,1
2229,2026-02-17,10:45:21,29,22,342,148,2,1
2230,2026-04-10,12:58:20,20,16,174,115,60,1
2231,2026-05-03,10:16:19,15,88,65,106,167,1
2232,2026-01-23,15:59:52,1,36,313,135,474,1
2233,2026-04-30,17:48:10,4,41,222,327,506,1
2234,2026-04-09,19:26:10,30,23,28,146,312,1
2235,2026-02-23,16:19:57,48,40,342,98,122,1
2236,2026-05-07,19:44:50,8,33,16,342,450,1
2237,2026-04-30,09:06:35,8,9,345,51,995,1
2238,2026-03-18,12:53:36,61,3,42,164,710,1
2239,2026-01-12,07:20:17,17,27,13,123,491,1
2240,2026-03-10,22:19:24,20,57,161,88,100,1
2241,2026-02-01,18:22:51,28,119,321,81,146,1
2242,2026-04-22,17:07:16,20,90,341,262,996,1
2243,2026-01-29,17:14:04,69,22,5,157,997,1
2244,2026-04-15,14:36:24,8,6,41,61,998,1
2245,2026-05-05,19:53:04,3,40,337,200,632,1
2246,2026-01-19,12:26:02,5,15,276,183,999,1
2247,2026-02-11,14:00:11,67,123,181,214,35,1
2248,2026-02-28,21:59:47,1,45,277,67,1000,1
2249,2026-04-10,08:42:29,3,6,511,208,476,1
2250,2026-02-22,15:32:11,29,34,308,80,1001,1
2251,2026-01-14,07:37:35,25,26,512,110,1002,1
2252,2026-03-01,08:07:36,57,59,513,57,1003,1
2253,2026-03-04,14:32:17,35,146,288,146,1004,1
2254,2026-02-07,14:54:30,10,13,189,44,171,1
2255,2026-03-10,18:49:16,25,69,53,179,397,1
2256,2026-03-08,16:52:58,10,29,241,4,1005,1
2257,2026-02-16,10:42:50,3,101,252,406,36,1
2258,2026-04-28,10:47:53,6,35,154,192,170,1
2259,2026-04-21,07:49:44,62,25,428,185,546,1
2260,2026-02-25,22:20:31,29,40,285,238,755,1
2261,2026-02-03,21:01:45,3,15,235,115,7,1
2262,2026-05-04,08:03:56,7,69,514,105,1006,1
2263,2026-02-08,13:55:30,49,5,200,33,240,1
2264,2026-03-17,22:49:42,8,22,321,51,1007,1
2265,2026-02-11,20:26:00,35,92,515,126,121,1
2266,2026-04-20,08:49:41,60,119,41,131,1008,1
2267,2026-01-25,10:39:40,15,142,277,299,456,1
2268,2026-04-03,11:42:42,48,22,234,195,52,1
2269,2026-04-28,14:56:47,22,48,283,313,59,1
2270,2026-03-22,07:12:04,14,11,337,135,15,1
2271,2026-05-06,11:37:39,3,71,292,133,247,1
2272,2026-03-20,09:11:58,17,55,4,136,1009,1
2273,2026-04-25,16:56:44,65,17,261,171,1010,1
2274,2026-04-14,14:31:12,6,58,291,14,710,1
2275,2026-01-15,19:24:35,7,28,1,25,1011,1
2276,2026-05-07,13:58:33,54,40,121,21,1012,1
2277,2026-04-21,12:27:34,25,154,5,147,1013,1
2278,2026-02-21,16:28:41,24,56,57,148,786,1
2279,2026-01-21,08:52:10,46,132,269,93,824,1
2280,2026-02-21,16:33:10,34,4,63,142,358,1
2281,2026-04-14,18:01:14,8,124,249,114,1014,1
2282,2026-04-18,09:38:35,30,102,29,193,171,1
2283,2026-02-14,16:23:38,37,58,209,12,1004,1
2284,2026-02-27,18:45:35,23,92,82,270,1015,1
2285,2026-01-16,14:43:58,21,22,80,89,190,1
2286,2026-03-28,13:23:54,20,21,516,3,1016,1
2287,2026-03-01,09:29:01,25,53,278,155,1017,1
2288,2026-02-24,08:22:53,5,73,517,307,40,1
2289,2026-03-08,07:45:46,6,34,9,93,1018,1
2290,2026-03-10,15:23:56,74,6,332,124,1019,1
2291,2026-04-25,13:51:45,39,36,518,186,1020,1
2292,2026-01-27,10:20:33,46,92,161,198,540,1
2293,2026-01-22,12:56:16,9,60,178,126,540,1
2294,2026-03-04,09:17:26,14,59,290,424,899,1
2295,2026-03-23,14:20:24,1,40,479,142,5,1
2296,2026-04-12,10:13:06,74,13,114,375,397,1
2297,2026-02-09,13:04:22,5,13,418,262,43,1
2298,2026-01-29,12:49:56,1,155,24,105,1021,1
2299,2026-02-25,14:53:41,50,5,41,254,982,1
2300,2026-01-13,17:43:33,6,12,179,28,205,1
2301,2026-02-10,11:46:23,15,43,50,83,128,1
2302,2026-02-15,21:30:28,30,7,138,39,43,1
2303,2026-04-11,10:48:15,8,55,88,53,1022,1
2304,2026-03-07,10:58:17,14,46,50,262,289,1
2305,2026-01-29,08:41:23,59,54,50,52,54,1
2306,2026-04-23,07:54:58,50,145,366,295,1023,1
2307,2026-03-14,18:27:53,3,60,269,60,139,1
2308,2026-01-25,08:39:08,14,65,227,37,313,1
2309,2026-04-09,21:07:07,33,43,128,101,537,1
2310,2026-01-10,08:19:43,37,43,91,278,743,1
2311,2026-04-07,11:30:20,1,35,152,61,587,1
2312,2026-05-08,15:12:44,27,125,16,434,233,1
2313,2026-02-04,18:50:16,68,73,26,22,592,1
2314,2026-04-01,10:28:29,1,88,229,149,911,1
2315,2026-03-01,21:58:23,33,156,297,230,1024,1
2316,2026-03-13,17:41:21,13,5,82,127,596,1
2317,2026-01-22,21:46:20,43,22,21,260,483,1
2318,2026-04-06,09:59:45,48,24,20,179,1025,1
2319,2026-01-28,20:50:17,20,55,105,51,730,1
2320,2026-01-11,21:55:14,6,40,187,149,93,1
2321,2026-03-20,11:09:51,8,38,318,435,240,1
2322,2026-05-05,11:50:43,6,35,503,106,762,1
2323,2026-03-06,12:22:40,3,109,496,93,161,1
2324,2026-01-11,08:17:49,3,95,249,61,213,1
2325,2026-01-14,13:18:36,20,22,5,133,653,1
2326,2026-03-31,08:34:26,4,26,519,436,710,1
2327,2026-01-11,19:34:40,30,22,5,11,940,1
2328,2026-01-31,12:50:35,3,88,78,19,500,1
2329,2026-04-12,21:56:04,3,4,264,115,196,1
2174,2026-04-23,22:22:27,43,28,30,3,976,1
2331,2026-02-21,15:57:45,29,75,208,187,319,1
2332,2026-02-10,16:04:50,41,78,85,369,265,1
2333,2026-03-03,09:38:24,65,64,62,93,9,1
2334,2026-04-06,15:27:04,6,42,318,14,14,1
2335,2026-04-23,20:12:39,10,78,322,424,234,1
2336,2026-02-21,10:31:09,22,34,41,383,844,1
2337,2026-04-14,16:55:49,21,4,209,124,43,1
2338,2026-05-01,20:35:15,25,9,520,267,262,1
2339,2026-02-04,12:55:40,45,102,498,187,835,1
2340,2026-01-23,14:02:18,3,32,143,146,412,1
2341,2026-03-22,14:53:26,7,22,40,73,1026,1
2342,2026-04-12,21:58:36,3,83,14,119,934,1
2343,2026-02-08,09:34:12,43,5,174,423,682,1
2344,2026-02-21,19:12:49,25,132,135,215,319,1
2345,2026-02-01,10:06:12,12,17,285,157,146,1
2346,2026-04-30,14:50:00,1,94,161,331,1027,1
2347,2026-04-22,16:11:13,1,83,423,101,542,1
2348,2026-03-22,13:28:38,14,28,208,275,799,1
2349,2026-01-12,13:34:50,10,26,82,218,1028,1
2350,2026-03-25,15:39:00,13,17,218,437,254,1
2351,2026-01-29,16:01:29,6,72,229,170,729,1
2352,2026-01-22,12:18:20,3,57,143,150,389,1
2353,2026-03-24,22:40:25,1,40,143,89,339,1
2354,2026-02-11,21:15:20,1,35,29,338,655,1
2355,2026-03-20,17:31:46,44,58,65,221,979,1
2356,2026-01-14,10:56:57,21,25,78,31,115,1
2357,2026-04-16,07:23:25,10,4,39,318,330,1
2358,2026-01-20,22:17:59,10,18,131,86,1029,1
2359,2026-04-02,18:22:57,1,7,127,300,338,1
2360,2026-04-15,21:39:44,14,17,47,268,461,1
2361,2026-03-27,17:09:23,51,40,202,14,856,1
2362,2026-02-11,20:28:53,73,17,244,83,678,1
2363,2026-04-17,17:02:20,1,27,341,124,50,1
2364,2026-01-30,11:08:31,31,27,74,257,228,1
2365,2026-02-05,16:14:38,43,60,16,321,416,1
2366,2026-01-19,07:06:24,7,40,85,217,70,1
2367,2026-05-01,12:42:46,8,52,119,53,247,1
2368,2026-02-21,19:19:59,25,22,17,39,219,1
2369,2026-04-18,21:06:32,3,3,82,221,252,1
2370,2026-04-02,11:28:15,59,65,64,208,1030,1
2371,2026-02-21,10:10:23,3,88,296,342,175,1
2372,2026-01-13,13:54:29,47,79,87,438,1031,1
2373,2026-05-04,21:58:58,10,4,8,21,491,1
2374,2026-04-27,14:04:35,4,79,213,313,128,1
2375,2026-03-29,14:03:02,30,36,498,124,543,1
2376,2026-02-24,22:34:35,25,88,290,265,428,1
2377,2026-04-19,08:58:10,21,119,161,61,103,1
2378,2026-01-21,17:00:25,7,2,99,269,428,1
2379,2026-04-29,17:49:04,5,35,92,410,139,1
2380,2026-01-19,16:42:37,1,95,265,112,367,1
2381,2026-05-10,10:08:58,3,9,390,219,152,1
2382,2026-01-22,16:20:56,25,113,203,87,249,1
2383,2026-03-28,15:52:00,16,17,114,114,240,1
2384,2026-02-27,20:01:43,25,41,172,155,638,1
2385,2026-04-13,13:57:23,52,30,162,53,233,1
2386,2026-03-30,12:30:45,40,76,183,377,14,1
2387,2026-01-15,22:32:29,22,28,53,131,167,1
2388,2026-03-24,09:12:01,73,88,8,162,335,1
2389,2026-05-10,14:48:24,22,58,380,67,165,1
2390,2026-01-30,13:47:22,29,17,123,17,283,1
2391,2026-04-11,07:42:50,8,19,308,88,1032,1
2392,2026-03-29,07:56:16,36,30,428,92,169,1
2393,2026-01-26,13:31:59,6,18,233,51,391,1
2394,2026-04-25,09:32:35,14,55,521,439,1033,1
2395,2026-02-17,16:34:33,21,54,174,48,334,1
2396,2026-04-30,11:24:24,46,7,168,119,95,1
2397,2026-02-25,11:10:09,25,13,305,31,285,1
2398,2026-03-04,09:54:04,8,32,62,440,249,1
2399,2026-03-02,18:31:58,3,28,57,270,103,1
2400,2026-04-08,17:13:09,3,40,522,134,1034,1
2401,2026-02-23,14:52:24,23,69,137,148,996,1
2402,2026-01-31,12:38:09,6,17,166,253,93,1
2403,2026-01-19,17:46:56,67,30,153,11,406,1
2404,2026-03-02,22:50:00,21,20,301,441,311,1
2405,2026-04-01,12:22:20,33,9,60,11,198,1
2406,2026-04-14,14:13:14,24,13,318,44,429,1
2407,2026-02-20,17:08:23,11,40,53,442,262,1
2408,2026-02-24,20:38:24,24,5,223,148,507,1
2409,2026-01-25,17:44:40,25,17,386,219,103,1
2410,2026-02-11,20:44:11,23,11,29,443,526,1
2411,2026-05-10,15:31:23,71,60,269,207,1035,1
2412,2026-05-03,16:17:32,25,7,41,74,1036,1
2413,2026-04-06,09:37:14,70,77,43,274,240,1
2414,2026-02-05,22:41:16,10,72,153,327,1037,1
2415,2026-03-19,22:01:36,35,56,13,26,262,1
2416,2026-04-30,09:59:01,10,38,15,369,1038,1
2417,2026-02-12,10:52:39,48,54,41,167,338,1
2418,2026-03-20,13:00:44,3,103,50,83,837,1
2419,2026-02-04,22:09:25,13,3,128,299,199,1
2420,2026-02-09,09:02:53,8,145,203,295,1039,1
2421,2026-05-08,07:59:06,8,5,523,51,1040,1
2422,2026-03-09,08:43:49,1,27,524,353,621,1
2423,2026-02-23,22:05:12,8,38,340,444,199,1
2424,2026-04-02,13:24:02,4,137,324,96,109,1
2425,2026-02-25,19:15:28,34,34,138,268,277,1
2426,2026-03-03,18:16:51,14,12,64,53,682,1
2427,2026-02-09,21:18:07,27,109,21,146,1041,1
2428,2026-04-21,20:32:00,3,11,301,42,1042,1
2429,2026-04-12,17:29:34,25,43,112,140,220,1
2430,2026-04-13,21:09:08,29,29,57,91,462,1
2431,2026-01-14,21:14:36,21,35,380,3,359,1
2432,2026-03-25,17:05:19,25,34,240,340,12,1
2433,2026-01-23,14:30:03,26,27,123,155,1043,1
2434,2026-02-24,20:40:13,2,7,525,119,286,1
2435,2026-02-01,22:01:41,27,4,198,74,1044,1
2436,2026-02-13,10:36:08,64,60,65,117,199,1
2437,2026-04-23,07:18:06,6,14,283,30,344,1
2438,2026-02-09,16:48:56,18,9,64,257,75,1
2439,2026-02-17,19:27:22,25,15,142,27,1045,1
2440,2026-04-25,16:31:42,6,2,282,98,273,1
2441,2026-05-07,18:06:53,32,11,93,83,1046,1
2442,2026-03-07,15:24:09,30,15,415,445,91,1
2443,2026-01-26,10:28:34,4,69,131,382,499,1
2444,2026-01-16,09:08:59,78,37,97,60,493,1
2445,2026-02-13,10:57:34,55,27,165,12,703,1
2446,2026-01-29,11:13:33,29,17,467,148,280,1
2447,2026-01-24,13:59:17,46,99,166,4,1047,1
2448,2026-02-05,10:56:20,20,15,233,236,758,1
2449,2026-03-06,16:34:19,3,41,101,177,202,1
2450,2026-02-02,14:42:38,10,69,30,60,119,1
2451,2026-01-21,15:45:18,9,48,526,126,93,1
2452,2026-02-16,20:06:25,3,52,65,442,522,1
2453,2026-03-31,08:19:08,19,7,203,107,534,1
2454,2026-02-25,15:10:21,25,38,389,19,1048,1
2455,2026-04-30,15:13:10,27,132,527,387,1049,1
2456,2026-03-11,17:35:47,25,28,517,218,1050,1
2457,2026-01-29,10:00:34,51,64,135,58,329,1
2458,2026-05-02,22:07:32,43,134,285,53,14,1
2459,2026-01-18,11:28:29,80,26,19,446,440,1
2460,2026-01-21,14:33:05,6,58,318,23,1051,1
2461,2026-01-15,18:14:02,59,83,108,101,30,1
2462,2026-04-07,07:20:35,11,22,491,292,999,1
2463,2026-04-10,13:25:58,51,82,175,48,525,1
2464,2026-05-05,07:09:14,8,71,141,119,767,1
2465,2026-04-13,08:30:26,8,86,93,291,1052,1
2466,2026-01-29,17:27:41,14,65,389,149,225,1
2467,2026-03-21,10:08:14,25,4,465,339,115,1
2468,2026-03-22,10:28:53,25,103,370,54,1053,1
2469,2026-01-16,14:17:54,44,54,21,218,1054,1
2470,2026-03-22,09:12:16,7,119,16,76,276,1
2471,2026-04-11,09:40:53,66,69,517,50,879,1
2472,2026-03-20,11:29:48,6,4,8,83,68,1
2473,2026-03-12,15:14:10,25,36,355,366,204,1
2474,2026-02-05,11:12:41,3,16,528,161,1055,1
2475,2026-02-10,13:11:13,25,27,78,101,204,1
2476,2026-04-20,22:21:22,8,22,82,50,14,1
2477,2026-03-01,21:54:09,3,7,285,260,357,1
2478,2026-03-10,14:23:30,6,19,435,369,55,1
2479,2026-02-13,22:31:22,17,73,160,447,1056,1
2480,2026-03-13,22:57:23,11,58,203,19,365,1
2481,2026-02-24,22:07:33,25,17,375,395,1057,1
2482,2026-01-13,09:14:23,53,35,178,40,273,1
2483,2026-03-31,07:34:39,23,58,153,115,1058,1
2484,2026-04-15,14:44:36,29,38,375,202,1059,1
2485,2026-03-21,16:30:35,1,132,138,171,1060,1
2486,2026-03-04,18:51:39,25,58,203,267,567,1
2487,2026-01-19,21:36:16,53,74,65,5,41,1
2488,2026-04-16,10:23:46,5,119,178,182,563,1
2489,2026-04-05,07:45:06,4,65,189,134,211,1
2490,2026-05-07,14:36:58,73,11,43,196,230,1
2491,2026-04-17,08:43:03,29,34,50,370,638,1
2492,2026-02-01,20:53:29,6,52,138,87,1061,1
2493,2026-01-16,17:55:16,20,3,134,212,132,1
2494,2026-04-18,18:24:15,7,40,373,51,416,1
2495,2026-01-31,13:50:29,1,52,18,142,247,1
2496,2026-02-06,16:04:26,25,22,137,155,530,1
2497,2026-02-07,19:19:55,52,125,78,21,256,1
2498,2026-02-15,12:58:05,4,63,386,58,137,1
2499,2026-05-05,13:38:20,1,102,166,227,122,1
2500,2026-02-25,20:53:28,46,55,424,197,344,1
